tpp_australian_labor_party_percentage, tpp_swing, total_formal_votes, tpp_australian_labor_party_votes, tpp_liberal_national_coalition_percentage, tpp_liberal_national_coalition_votes, division_name, polling_place_name, polling_place_id
49.58,-3.34,2005,994,50.42,1011,"Aston","Bayswater","2942"
47.87,-1.67,635,304,52.13,331,"Aston","Bayswater South","83798"
45.83,-0.7,1248,572,54.17,676,"Aston","Bayswater West","2945"
45.01,-3.95,722,325,54.99,397,"Aston","Blackwood Park","2947"
56.0,-11.56,25,14,44.0,11,"Aston","BLV Aston PPVC","65510"
47.7,3.54,1545,737,52.3,808,"Aston","Boronia","2948"
41.85,3.63,13679,5725,58.15,7954,"Aston","Boronia ASTON PPVC","63158"
53.55,0.02,1027,550,46.45,477,"Aston","Boronia East","4273"
47.04,2.87,1401,659,52.96,742,"Aston","Boronia North","4274"
24.63,6.52,1267,312,75.37,955,"Aston","Divisional Office (PREPOLL)","30188"
48.13,2.51,1334,642,51.87,692,"Aston","Fairhills","2950"
51.17,0.62,854,437,48.83,417,"Aston","Ferntree Gully","4282"
51.83,-2.81,1256,651,48.17,605,"Aston","Ferntree Gully North","4283"
46.06,0.66,1663,766,53.94,897,"Aston","Ferntree Gully West","2951"
39.78,3.93,2768,1101,60.22,1667,"Aston","Heany Park","31743"
32.57,3.09,2306,751,67.43,1555,"Aston","Karoo","31744"
42.3,0.71,844,357,57.7,487,"Aston","Kent Park","2957"
41.05,5.2,1542,633,58.95,909,"Aston","Knoxfield","2956"
38.07,-0.56,2007,764,61.93,1243,"Aston","Knox Gardens","2958"
31.55,2.96,2070,653,68.45,1417,"Aston","Lysterfield","2959"
44.07,2.78,2083,918,55.93,1165,"Aston","Mountain Gate","2961"
39.24,3.46,1664,653,60.76,1011,"Aston","Park Ridge","11513"
40.94,0.65,1578,646,59.06,932,"Aston","Rowville","2963"
36.91,4.93,1043,385,63.09,658,"Aston","Rowville Central","38413"
37.33,6.65,876,327,62.67,549,"Aston","Rowville East","2964"
42.47,-0.39,511,217,57.53,294,"Aston","Rowville North","83810"
31.92,4.95,12039,3843,68.08,8196,"Aston","Rowville PPVC","83838"
41.4,3.68,2036,843,58.6,1193,"Aston","Scoresby","2965"
43.23,2.52,1367,591,56.77,776,"Aston","Studfield East","2969"
43.1,-1.47,1246,537,56.9,709,"Aston","Templeton","2970"
49.44,1.6,1525,754,50.56,771,"Aston","The Basin","4301"
56.1,1.31,893,501,43.9,392,"Aston","Upper Ferntree Gully (Aston)","4284"
40.57,-3.04,1627,660,59.43,967,"Aston","Wantirna","2971"
39.78,0.7,1855,738,60.22,1117,"Aston","Wantirna Central","2973"
40.98,-2.19,1142,468,59.02,674,"Aston","Wantirna South","2974"
35.99,0.87,8868,3192,64.01,5676,"Aston","Wantirna South PPVC","64690"
37.14,-3.85,1314,488,62.86,826,"Aston","Wantirna West","2952"
40.62,2.07,1189,483,59.38,706,"Aston","Watersedge","2966"
59.09,-1.8,2007,1186,40.91,821,"Ballarat","Bacchus Marsh","3252"
60.0,0.35,3010,1806,40.0,1204,"Ballarat","Darley","3276"
58.4,-0.57,1892,1105,41.6,787,"Ballarat","Maddingley","51057"
54.31,3.16,3677,1997,45.69,1680,"Ballarat","Melton BALLARAT PPVC","64713"
57.08,-5.03,431,246,42.92,185,"Ballarat","Myrniong","3316"
64.01,-12.39,1667,1067,35.99,600,"Bendigo","Kyneton","3298"
57.38,-5.77,1274,731,42.62,543,"Bendigo","Kyneton East","64652"
61.92,-5.76,625,387,38.08,238,"Bendigo","Malmsbury","3305"
54.18,-8.58,395,214,45.82,181,"Bendigo","Newham","3318"
56.25,-13.69,448,252,43.75,196,"Bendigo","Tylden","3336"
64.63,-8.18,1863,1204,35.37,659,"Bendigo","Woodend","3339"
70.37,-13.89,847,596,29.63,251,"Bendigo","Woodend East","82935"
50.82,4.65,2513,1277,49.18,1236,"Bruce","Berwick BRUCE PPVC","91155"
81.82,-15.15,11,9,18.18,2,"Bruce","BLV Bruce PPVC","65543"
69.44,0.85,962,668,30.56,294,"Bruce","Chandler (Bruce)","3957"
75.74,-2.82,1150,871,24.26,279,"Bruce","Cleeland","3958"
70.57,3.09,1400,988,29.43,412,"Bruce","Coomoora (Bruce)","31778"
62.04,-3.62,490,304,37.96,186,"Bruce","Cranbourne BRUCE PPVC","91143"
67.25,-1.23,1035,696,32.75,339,"Bruce","Dandenong","3962"
61.49,0.54,14569,8958,38.51,5611,"Bruce","Dandenong BRUCE PPVC","58781"
74.79,-5.12,1075,804,25.21,271,"Bruce","Dandenong West","3965"
61.29,-15.04,62,38,38.71,24,"Bruce","Divisional Office (PREPOLL)","30192"
72.99,4.89,1333,973,27.01,360,"Bruce","Doveton","65164"
67.64,6.09,995,673,32.36,322,"Bruce","Doveton West","4277"
62.07,3.41,1429,887,37.93,542,"Bruce","Endeavour Hills","4279"
60.0,1.96,425,255,40.0,170,"Bruce","Endeavour Hills Central","83362"
58.42,4.31,1900,1110,41.58,790,"Bruce","Endeavour Hills East","4280"
56.95,3.74,1050,598,43.05,452,"Bruce","Endeavour Hills North","4281"
64.85,3.34,1673,1085,35.15,588,"Bruce","Fountain Gate","4286"
59.33,3.71,2058,1221,40.67,837,"Bruce","Gleneagles","4287"
67.52,2.34,1955,1320,32.48,635,"Bruce","Hallam","4288"
66.76,0.39,1101,735,33.24,366,"Bruce","Hallam East","47812"
73.09,-0.45,1613,1179,26.91,434,"Bruce","Harrisfield","3997"
76.58,0.24,790,605,23.42,185,"Bruce","Heatherhill","3998"
68.07,2.12,1823,1241,31.93,582,"Bruce","Lyndale","3970"
58.86,1.91,2472,1455,41.14,1017,"Bruce","Maramba","31783"
61.24,-16.66,1726,1057,38.76,669,"Bruce","Mulgrave BRUCE PPVC","91128"
35.53,-3.34,577,205,64.47,372,"Bruce","Narre Warren North (Bruce)","64602"
73.91,-0.81,1326,980,26.09,346,"Bruce","Noble Park","3974"
69.85,3.11,1171,818,30.15,353,"Bruce","Noble Park South","3972"
71.48,-0.28,1213,867,28.52,346,"Bruce","Oakwood Park","3976"
54.93,2.69,1786,981,45.07,805,"Bruce","Rosewood Downs","3977"
72.62,2.48,946,687,27.38,259,"Bruce","Sandown Park (Bruce)","4006"
70.45,0.01,1699,1197,29.55,502,"Bruce","Silverton","3978"
73.48,5.36,460,338,26.52,122,"Bruce","Southvale","4007"
69.13,-0.17,541,374,30.87,167,"Bruce","Springvale (Bruce)","82870"
67.5,-5.97,10539,7114,32.5,3425,"Bruce","Springvale BRUCE PPVC","82837"
72.13,1.42,897,647,27.87,250,"Bruce","Springvale South (Bruce)","4009"
56.5,2.48,1584,895,43.5,689,"Bruce","Thomas Mitchell","46568"
67.69,3.47,1495,1012,32.31,483,"Bruce","Wallarano","3981"
68.46,-0.36,837,573,31.54,264,"Bruce","Waverley Park","58456"
72.62,-13.08,420,305,27.38,115,"Bruce","Wellington (Bruce)","91112"
72.38,-3.43,1300,941,27.62,359,"Bruce","Wooranna Park","3982"
70.64,-2.05,848,599,29.36,249,"Bruce","Yarraman Park","3983"
77.99,-10.9,1122,875,22.01,247,"Calwell","Aitken Creek (Calwell)","83247"
68.27,-9.6,249,170,31.73,79,"Calwell","Attwood","83808"
82.57,1.01,1136,938,17.43,198,"Calwell","Bethal","3258"
76.92,-4.19,13,10,23.08,3,"Calwell","BLV Calwell PPVC","65531"
79.88,0.53,1556,1243,20.12,313,"Calwell","Broadmeadows North","4842"
77.83,-0.93,1254,976,22.17,278,"Calwell","Campbellfield","4843"
80.33,2.8,1159,931,19.67,228,"Calwell","Coolaroo","3273"
74.03,0.38,1398,1035,25.97,363,"Calwell","Craigieburn","3275"
69.74,1.43,14807,10327,30.26,4480,"Calwell","Craigieburn CALWELL PPVC","66161"
68.97,5.42,841,580,31.03,261,"Calwell","Craigieburn Central","83765"
73.72,1.61,1910,1408,26.28,502,"Calwell","Craigieburn North","46545"
72.35,2.82,1667,1206,27.65,461,"Calwell","Craigieburn South","31044"
73.94,-0.55,1343,993,26.06,350,"Calwell","Craigieburn West","46546"
56.76,-10.81,37,21,43.24,16,"Calwell","Divisional Office (PREPOLL)","30194"
63.23,4.11,1240,784,36.77,456,"Calwell","Gladstone Park","4588"
62.21,1.76,14910,9276,37.79,5634,"Calwell","Gladstone Park PPVC","64682"
61.38,8.49,927,569,38.62,358,"Calwell","Gladstone Views","4589"
75.0,-2.88,4564,3423,25.0,1141,"Calwell","Glenroy CALWELL PPVC","58714"
56.69,2.95,2655,1505,43.31,1150,"Calwell","Greenvale","3288"
51.7,6.53,882,456,48.3,426,"Calwell","Greenvale South","46547"
40.0,3.53,30,12,60.0,18,"Calwell","Keilor (Calwell)","91245"
61.8,0.72,1097,678,38.2,419,"Calwell","Keilor Park","4593"
84.45,-1.85,1949,1646,15.55,303,"Calwell","Meadow Heights","31047"
79.2,3.99,125,99,20.8,26,"Calwell","Meadow Heights South","83793"
84.8,-0.67,1013,859,15.2,154,"Calwell","Meadows","3307"
65.67,-6.01,1407,924,34.33,483,"Calwell","Mickleham","4343"
72.88,0.42,1899,1384,27.12,515,"Calwell","Mount Ridley","58453"
66.56,2.95,628,418,33.44,210,"Calwell","Mount Ridley North (Calwell)","83246"
74.56,3.2,1686,1257,25.44,429,"Calwell","Roxburgh Homestead","46595"
78.77,-1.59,730,575,21.23,155,"Calwell","Roxburgh Park","83771"
76.34,-1.92,1492,1139,23.66,353,"Calwell","Roxburgh Rise","46549"
72.88,2.87,1309,954,27.12,355,"Calwell","Somerton","46548"
62.32,5.83,1136,708,37.68,428,"Calwell","Tullamarine","4606"
82.12,0.66,1158,951,17.88,207,"Calwell","Upfield","4866"
64.04,2.31,1268,812,35.96,456,"Calwell","Westmeadows","4607"
49.74,5.6,770,383,50.26,387,"Casey","Badger Creek","4868"
70.7,-4.69,935,661,29.3,274,"Casey","Belgrave","4269"
51.82,-3.31,1897,983,48.18,914,"Casey","Belgrave South","4270"
45.98,-8.61,361,166,54.02,195,"Casey","Berwick CASEY PPVC","91358"
45.4,-1.85,1196,543,54.6,653,"Casey","Bimbadeen Heights","3372"
42.38,1.75,1923,815,57.62,1108,"Casey","Birmingham","4870"
64.71,-12.08,17,11,35.29,6,"Casey","BLV Casey PPVC","65395"
50.69,-1.61,3336,1691,49.31,1645,"Casey","Boronia CASEY PPVC","82852"
39.07,1.68,2260,883,60.93,1377,"Casey","Chirnside Park","3373"
41.05,1.16,860,353,58.95,507,"Casey","Coldstream","3375"
35.03,10.79,3126,1095,64.97,2031,"Casey","Croydon CASEY PPVC","83728"
58.86,-11.76,158,93,41.14,65,"Casey","Croydon East (Casey)","91308"
40.0,1.38,115,46,60.0,69,"Casey","Croydon North (Casey)","63367"
0.0,-55.77,0,0,0.0,0,"Casey","Divisional Office (PREPOLL)","30195"
34.56,-0.34,217,75,65.44,142,"Casey","Dixons Creek","3382"
58.69,-5.34,731,429,41.31,302,"Casey","Ferny Creek","4285"
43.31,2.16,501,217,56.69,284,"Casey","Gladysdale","4882"
32.18,2.3,348,112,67.82,236,"Casey","Gruyere","3384"
50.56,0.43,712,360,49.44,352,"Casey","Healesville","4883"
56.51,-7.18,1267,716,43.49,551,"Casey","Healesville Central","38409"
52.67,-5.8,3203,1687,47.33,1516,"Casey","Healesville PPVC","83731"
40.52,3.92,306,124,59.48,182,"Casey","Hoddles Creek","4884"
66.87,-4.27,818,547,33.13,271,"Casey","Kallista","31613"
46.45,1.96,1507,700,53.55,807,"Casey","Kilsyth (Casey)","4885"
44.8,3.31,375,168,55.2,207,"Casey","Kilsyth East (Casey)","83712"
46.56,-1.12,872,406,53.44,466,"Casey","Kilsyth South","4887"
45.56,4.01,766,349,54.44,417,"Casey","Launching Place","4888"
45.89,-2.94,1229,564,54.11,665,"Casey","Lilydale","3389"
36.65,3.31,16266,5961,63.35,10305,"Casey","Lilydale CASEY PPVC","32944"
36.91,4.63,1303,481,63.09,822,"Casey","Lilydale Lake","34031"
43.12,-0.9,661,285,56.88,376,"Casey","Lilydale North","83711"
44.94,-2.35,1344,604,55.06,740,"Casey","Lilydale West","3391"
41.21,2.69,461,190,58.79,271,"Casey","Macclesfield (Casey)","4889"
48.21,0.42,1116,538,51.79,578,"Casey","Manchester (Casey)","3392"
55.14,0.29,399,220,44.86,179,"Casey","Menzies Creek","4291"
54.89,1.09,583,320,45.11,263,"Casey","Millgrove","4892"
48.6,-0.8,1467,713,51.4,754,"Casey","Monbulk","4292"
44.83,-0.75,2030,910,55.17,1120,"Casey","Montrose","4894"
48.2,-3.37,807,389,51.8,418,"Casey","Montrose South","4895"
49.32,0.68,886,437,50.68,449,"Casey","Mooroolbark (Casey)","4896"
46.31,-3.77,1777,823,53.69,954,"Casey","Mooroolbark East","4897"
43.84,4.37,1332,584,56.16,748,"Casey","Mooroolbark South","4898"
60.64,-6.64,846,513,39.36,333,"Casey","Mount Dandenong","31545"
45.26,0.04,1372,621,54.74,751,"Casey","Mount Evelyn","4900"
60.6,-5.25,533,323,39.4,210,"Casey","Olinda","4903"
41.27,2.87,613,253,58.73,360,"Casey","Ringwood CASEY PPVC","58639"
41.83,0.77,1518,635,58.17,883,"Casey","Rolling Hills","3402"
62.0,-10.32,550,341,38.0,209,"Casey","Sassafras","4298"
68.42,-9.93,703,481,31.58,222,"Casey","Selby","4299"
38.03,4.35,1165,443,61.97,722,"Casey","Seville","4907"
35.92,-2.81,710,255,64.08,455,"Casey","Silvan","4909"
66.07,-4.42,1721,1137,33.93,584,"Casey","Tecoma","4300"
69.63,-10.15,619,431,30.37,188,"Casey","The Patch","4302"
60.44,-3.02,407,246,39.56,161,"Casey","Upper Ferntree Gully (Casey)","91332"
65.39,-5.89,1439,941,34.61,498,"Casey","Upwey","4303"
61.64,-1.49,451,278,38.36,173,"Casey","Upwey South","97435"
34.47,1.73,1227,423,65.53,804,"Casey","Wandin Yallock","4914"
66.27,-3.99,676,448,33.73,228,"Casey","Warburton","4917"
60.64,-1.56,409,248,39.36,161,"Casey","Warburton East","4918"
49.24,4.13,727,358,50.76,369,"Casey","Wesburn","4919"
44.44,4.28,1341,596,55.56,745,"Casey","Woori Yallock","4920"
38.28,-1.51,1165,446,61.72,719,"Casey","Yarra Glen","3410"
44.41,4.82,912,405,55.59,507,"Casey","Yarra Junction","4921"
55.38,-3.94,2129,1179,44.62,950,"Chisholm","Ashwood","3417"
51.88,-0.45,1251,649,48.12,602,"Chisholm","Bennettswood","11521"
54.32,-10.81,983,534,45.68,449,"Chisholm","Blackburn","3559"
54.89,-8.49,1656,909,45.11,747,"Chisholm","Blackburn Lake","3566"
57.8,-11.21,1225,708,42.2,517,"Chisholm","Blackburn North","3560"
47.05,-1.62,11056,5202,52.95,5854,"Chisholm","Blackburn North CHISHOLM PPVC","32947"
52.67,-5.2,2094,1103,47.33,991,"Chisholm","Blackburn South","3420"
54.43,-4.65,790,430,45.57,360,"Chisholm","Blackburn Upper","83714"
51.89,-1.11,1405,729,48.11,676,"Chisholm","Blackburn West","3561"
57.14,-3.81,21,12,42.86,9,"Chisholm","BLV Chisholm PPVC","65408"
58.1,-3.91,1086,631,41.9,455,"Chisholm","Box Hill","3421"
58.75,-6.4,960,564,41.25,396,"Chisholm","Box Hill Central","3422"
56.78,-3.09,1268,720,43.22,548,"Chisholm","Box Hill South","3424"
43.22,2.69,118,51,56.78,67,"Chisholm","Brentwood (Chisholm)","91441"
52.86,-7.32,1453,768,47.14,685,"Chisholm","Burwood Central","3426"
54.91,-0.13,1630,895,45.09,735,"Chisholm","Burwood Heights","3562"
46.67,-2.1,1022,477,53.33,545,"Chisholm","Camelot","3563"
60.27,-3.84,1095,660,39.73,435,"Chisholm","Chadstone East (Chisholm)","31777"
0.0,-52.67,0,0,0.0,0,"Chisholm","Divisional Office (PREPOLL)","30196"
55.24,-3.07,1144,632,44.76,512,"Chisholm","Eley Park","12078"
49.68,-10.45,1238,615,50.32,623,"Chisholm","Elgar Park (Chisholm)","3429"
48.93,-2.07,1915,937,51.07,978,"Chisholm","Essex Heights","3430"
50.81,-2.85,1112,565,49.19,547,"Chisholm","Forest Hill","3565"
49.64,-2.34,1684,836,50.36,848,"Chisholm","Glendal","3567"
45.98,3.48,833,383,54.02,450,"Chisholm","Glen Waverley Heights","3230"
44.31,-3.72,1133,502,55.69,631,"Chisholm","Highvale","3569"
53.37,-5.32,1872,999,46.63,873,"Chisholm","Kerrimuir","3435"
58.06,-10.39,422,245,41.94,177,"Chisholm","Koonung Heights (Chisholm)","3436"
60.13,-9.57,1525,917,39.87,608,"Chisholm","Laburnum","3570"
52.44,-1.86,860,451,47.56,409,"Chisholm","Manooka","3573"
80.43,-23.0,46,37,19.57,9,"Chisholm","Melbourne (Chisholm)","32045"
51.3,-2.9,347,178,48.7,169,"Chisholm","Melbourne Central CHISHOLM PPVC","97508"
53.16,-4.74,935,497,46.84,438,"Chisholm","Melbourne CHISHOLM PPVC","83897"
42.8,-3.73,2145,918,57.2,1227,"Chisholm","Mount View","3235"
47.16,0.04,634,299,52.84,335,"Chisholm","Mount Waverley","83713"
43.07,5.54,9408,4052,56.93,5356,"Chisholm","Mount Waverley PPVC","97440"
51.37,-3.88,1384,711,48.63,673,"Chisholm","Mount Waverley South (Chisholm)","3439"
36.44,8.16,1449,528,63.56,921,"Chisholm","Mulgrave CHISHOLM PPVC","91464"
46.61,0.39,384,179,53.39,205,"Chisholm","Pinewood (Chisholm)","91477"
49.11,-8.89,281,138,50.89,143,"Chisholm","Ringwood CHISHOLM PPVC","91512"
54.62,-8.18,1419,775,45.38,644,"Chisholm","Springview","3578"
53.09,-13.41,550,292,46.91,258,"Chisholm","Surrey Hills (Chisholm)","91480"
47.34,-0.51,1259,596,52.66,663,"Chisholm","Syndal North","3579"
50.83,-5.51,1324,673,49.17,651,"Chisholm","Syndal South","3242"
53.53,-5.74,1332,713,46.47,619,"Chisholm","Tally Ho","3580"
52.54,-4.53,1163,611,47.46,552,"Chisholm","The Glen","3228"
58.32,-5.71,775,452,41.68,323,"Chisholm","Tyne","3441"
54.68,-6.63,1538,841,45.32,697,"Chisholm","Wattle Park","3443"
54.61,-2.49,683,373,45.39,310,"Chisholm","Waverley North","3444"
48.76,-2.38,363,177,51.24,186,"Chisholm","Wayburne (Chisholm)","35079"
78.72,-8.0,1372,1080,21.28,292,"Cooper","Alphington","3085"
76.84,-9.38,1196,919,23.16,277,"Cooper","Alphington North","3086"
84.25,-8.67,1841,1551,15.75,290,"Cooper","Bell","5087"
0.0,0.0,0,0,0.0,0,"Cooper","BLV Cooper PPVC","65465"
74.51,1.31,1420,1058,25.49,362,"Cooper","Boldrewood","3087"
60.86,-0.24,488,297,39.14,191,"Cooper","Bundoora (Cooper)","65778"
57.09,-3.4,790,451,42.91,339,"Cooper","Bundoora South","35016"
72.31,-2.83,733,530,27.69,203,"Cooper","Burbank","3088"
84.94,-8.65,1514,1286,15.06,228,"Cooper","Clifton Hill","4625"
83.12,-7.65,468,389,16.88,79,"Cooper","Collingwood North (Cooper)","4627"
85.51,-5.67,1001,856,14.49,145,"Cooper","Croxton","5098"
0.0,-40.0,0,0,0.0,0,"Cooper","Divisional Office (PREPOLL)","30190"
80.51,-8.2,2114,1702,19.49,412,"Cooper","Fairfield","3091"
62.83,6.38,1910,1200,37.17,710,"Cooper","Heidelberg COOPER PPVC","83415"
69.59,-8.43,1230,856,30.41,374,"Cooper","Kingsbury","4181"
74.85,-2.33,338,253,25.15,85,"Cooper","Lake Park (Cooper)","91420"
84.52,-10.75,84,71,15.48,13,"Cooper","Melbourne (Cooper)","32039"
66.47,46.79,337,224,33.53,113,"Cooper","Melbourne Central COOPER PPVC","97509"
76.96,-10.29,1311,1009,23.04,302,"Cooper","Melbourne COOPER PPVC","83965"
72.54,-0.39,1158,840,27.46,318,"Cooper","Merrilands","3095"
65.15,-2.84,1030,671,34.85,359,"Cooper","Mill Park COOPER PPVC","65962"
81.69,-7.44,721,589,18.31,132,"Cooper","Murray (Cooper)","35015"
81.96,-5.04,1336,1095,18.04,241,"Cooper","Newlands","5107"
63.01,3.49,173,109,36.99,64,"Cooper","Norris Bank (Cooper)","91379"
87.57,-10.03,1223,1071,12.43,152,"Cooper","Northcote","3096"
79.45,20.55,8140,6467,20.55,1673,"Cooper","Northcote COOPER PPVC","82771"
81.83,-2.7,1354,1108,18.17,246,"Cooper","Northcote North","3097"
86.16,-8.86,2789,2403,13.84,386,"Cooper","Northcote South","3098"
88.72,-7.59,736,653,11.28,83,"Cooper","Northcote West","3099"
74.5,-0.87,945,704,25.5,241,"Cooper","Preston","3101"
76.21,-3.08,1236,942,23.79,294,"Cooper","Preston East","3102"
82.26,-3.33,1184,974,17.74,210,"Cooper","Preston North East","3104"
84.42,-7.49,1431,1208,15.58,223,"Cooper","Preston South","3105"
76.27,-2.88,1955,1491,23.73,464,"Cooper","Preston West","5114"
76.73,-3.25,1994,1530,23.27,464,"Cooper","Regent","3107"
75.08,-9.26,638,479,24.92,159,"Cooper","Regent West","5115"
80.09,-5.32,1145,917,19.91,228,"Cooper","Reservoir","3108"
74.11,-2.54,1271,942,25.89,329,"Cooper","Reservoir Central","3109"
67.98,-2.74,815,554,32.02,261,"Cooper","Reservoir East","3110"
75.94,-2.24,1970,1496,24.06,474,"Cooper","Reservoir North","3111"
78.77,-6.29,1074,846,21.23,228,"Cooper","Reservoir North East","3112"
72.03,-4.58,740,533,27.97,207,"Cooper","Reservoir South","3113"
76.11,-3.05,1352,1029,23.89,323,"Cooper","Reservoir West","5116"
66.03,1.42,1819,1201,33.97,618,"Cooper","Ruthven","3115"
86.99,-7.47,1875,1631,13.01,244,"Cooper","Thornbury","5117"
75.69,-2.86,14182,10734,24.31,3448,"Cooper","Thornbury COOPER PPVC","64643"
77.89,-3.91,1895,1476,22.11,419,"Cooper","Thornbury East","3117"
80.81,-5.22,2064,1668,19.19,396,"Cooper","Thornbury South","3118"
86.6,-7.43,1075,931,13.4,144,"Cooper","Westgarth","3119"
62.0,-9.11,1229,762,38.0,467,"Corangamite","Armstrong Creek East","83622"
47.29,-0.23,9627,4553,52.71,5074,"Corangamite","Barwon CORANGAMITE PPVC","34013"
51.17,-5.91,1667,853,48.83,814,"Corangamite","Barwon Heads","3457"
52.58,1.09,1183,622,47.42,561,"Corangamite","Beacon Point","51222"
46.59,5.53,7620,3550,53.41,4070,"Corangamite","Bellarine PPVC","83641"
56.27,0.73,2797,1574,43.73,1223,"Corangamite","Clifton Springs","3468"
39.8,10.39,201,80,60.2,121,"Corangamite","Connewarre","3474"
51.12,-0.17,1694,866,48.88,828,"Corangamite","Drysdale","3478"
49.99,0.5,6269,3134,50.01,3135,"Corangamite","Geelong CORANGAMITE PPVC","58623"
59.22,-2.51,1133,671,40.78,462,"Corangamite","Grovedale Central","83770"
54.91,1.66,1497,822,45.09,675,"Corangamite","Grovedale East","32829"
53.04,3.57,3122,1656,46.96,1466,"Corangamite","Leopold","3496"
53.86,2.94,1179,635,46.14,544,"Corangamite","Leopold North","83471"
54.59,-2.1,1253,684,45.41,569,"Corangamite","Ocean Grove","83618"
59.22,-7.11,1562,925,40.78,637,"Corangamite","Ocean Grove South","46544"
55.67,-2.5,1771,986,44.33,785,"Corangamite","Ocean Grove West","3508"
49.57,-11.17,930,461,50.43,469,"Corangamite","Point Lonsdale","3510"
50.43,-0.13,1755,885,49.57,870,"Corangamite","Portarlington","3511"
53.78,-8.21,357,192,46.22,165,"Corangamite","Queenscliff","3512"
53.92,-0.67,1172,632,46.08,540,"Corangamite","St Leonards","3514"
57.95,-6.89,409,237,42.05,172,"Corangamite","Torquay East","83617"
46.61,-6.11,826,385,53.39,441,"Corangamite","Wallington","3519"
62.34,1.03,1673,1043,37.66,630,"Corio","Bell Park","3530"
64.51,-1.01,865,558,35.49,307,"Corio","Bell Park South","51223"
65.04,-6.72,984,640,34.96,344,"Corio","Belmont","3506"
60.56,-5.74,2102,1273,39.44,829,"Corio","Belmont North","3464"
72.22,-13.4,18,13,27.78,5,"Corio","BLV Corio PPVC","65583"
63.69,-4.48,1468,935,36.31,533,"Corio","Britannia","3532"
74.32,2.23,1468,1091,25.68,377,"Corio","Corio Central","3535"
80.01,-1.84,1686,1349,19.99,337,"Corio","Corio West","3536"
67.89,0.68,109,74,32.11,35,"Corio","Divisional Office (PREPOLL)","30199"
62.14,-4.1,1894,1177,37.86,717,"Corio","Geelong","3538"
59.96,-5.58,14395,8631,40.04,5764,"Corio","Geelong CORIO PPVC","31536"
64.95,-2.3,1632,1060,35.05,572,"Corio","Geelong South","3528"
63.8,-2.41,1312,837,36.2,475,"Corio","Geelong West","3539"
76.79,-1.51,2016,1548,23.21,468,"Corio","Hendy","47829"
57.03,2.94,2455,1400,42.97,1055,"Corio","Lara","3543"
61.16,-0.07,2003,1225,38.84,778,"Corio","Lara Central","3544"
65.32,-0.61,1736,1134,34.68,602,"Corio","Lara Lake","46551"
65.97,-5.96,908,599,34.03,309,"Corio","Lara West","97421"
71.91,-3.58,1602,1152,28.09,450,"Corio","Newcomb","3546"
67.4,-1.11,1601,1079,32.6,522,"Corio","Newcomb South","3547"
52.86,-3.66,1782,942,47.14,840,"Corio","Newtown","3552"
48.85,-3.54,2219,1084,51.15,1135,"Corio","Newtown South","3533"
67.69,3.4,2349,1590,32.31,759,"Corio","Norlane","3548"
77.93,-0.31,1305,1017,22.07,288,"Corio","North Shore","3549"
70.4,1.72,2061,1451,29.6,610,"Corio","Thomson","3554"
55.27,-5.95,1784,986,44.73,798,"Deakin","Alexandra Road","4879"
55.25,-8.53,1238,684,44.75,554,"Deakin","Antonio Park","3558"
50.46,-1.17,2168,1094,49.54,1074,"Deakin","Bayswater North","4869"
54.65,-5.91,710,388,45.35,322,"Deakin","Bedford Park","83715"
42.28,0.29,3432,1451,57.72,1981,"Deakin","Blackburn North DEAKIN PPVC","58637"
45.45,9.1,22,10,54.55,12,"Deakin","BLV Deakin PPVC","65402"
41.88,-1.36,1669,699,58.12,970,"Deakin","Charlesworth Park","3564"
53.08,-8.06,1686,895,46.92,791,"Deakin","Croydon","4875"
45.42,1.35,1189,540,54.58,649,"Deakin","Croydon Central","3376"
37.52,6.24,9193,3449,62.48,5744,"Deakin","Croydon DEAKIN PPVC","83755"
51.42,-4.44,1686,867,48.58,819,"Deakin","Croydon East (Deakin)","4876"
39.1,0.62,2013,787,60.9,1226,"Deakin","Croydon Hills (Deakin)","65399"
48.28,-4.77,816,394,51.72,422,"Deakin","Croydon North (Deakin)","3378"
47.93,-3.15,726,348,52.07,378,"Deakin","Croydon South","4877"
49.4,-1.32,1006,497,50.6,509,"Deakin","Croydon Town","11525"
50.7,-3.78,1136,576,49.3,560,"Deakin","Croydon West","3379"
0.0,-58.85,0,0,0.0,0,"Deakin","Divisional Office (PREPOLL)","30200"
43.79,-1.68,1183,518,56.21,665,"Deakin","Eastmont","2949"
51.8,-0.78,807,418,48.2,389,"Deakin","Glen Park","12079"
54.37,-2.54,973,529,45.63,444,"Deakin","Heatherdale","3568"
52.31,-6.22,1168,611,47.69,557,"Deakin","Heathmont","2953"
47.4,-3.54,1000,474,52.6,526,"Deakin","Heathmont East","2954"
50.1,-6.54,960,481,49.9,479,"Deakin","Heathmont West","11514"
47.07,-6.96,1808,851,52.93,957,"Deakin","Kalinda (Deakin)","3386"
46.76,1.61,370,173,53.24,197,"Deakin","Kilsyth (Deakin)","91645"
58.06,-10.0,62,36,41.94,26,"Deakin","Kilsyth East (Deakin)","91674"
45.38,-5.43,639,290,54.62,349,"Deakin","Lilydale DEAKIN PPVC","91665"
54.87,-6.31,226,124,45.13,102,"Deakin","Manchester (Deakin)","91637"
53.26,-4.9,1029,548,46.74,481,"Deakin","Mitcham","3572"
52.45,-2.74,1697,890,47.55,807,"Deakin","Mitcham North (Deakin)","3575"
53.15,-3.15,143,76,46.85,67,"Deakin","Mooroolbark (Deakin)","91651"
47.27,-5.58,1557,736,52.73,821,"Deakin","Morack","2960"
48.53,-3.8,1156,561,51.47,595,"Deakin","Norwood","3394"
54.78,-3.95,1727,946,45.22,781,"Deakin","Nunawading South","3576"
51.39,-1.56,1516,779,48.61,737,"Deakin","Parkmore","3577"
52.11,-7.69,1372,715,47.89,657,"Deakin","Rangeview","3581"
54.6,-0.71,782,427,45.4,355,"Deakin","Ringwood","3398"
41.79,-2.21,12440,5199,58.21,7241,"Deakin","Ringwood DEAKIN PPVC","32108"
48.19,-1.75,855,412,51.81,443,"Deakin","Ringwood East","3399"
51.64,-5.05,1067,551,48.36,516,"Deakin","Ringwood Heights","3400"
41.48,-3.48,1444,599,58.52,845,"Deakin","Ringwood North (Deakin)","34011"
51.97,-2.67,1880,977,48.03,903,"Deakin","Ringwood South","2962"
48.59,-2.2,1591,773,51.41,818,"Deakin","Tinternvale","4910"
47.29,-4.48,998,472,52.71,526,"Deakin","Vermont North","3583"
40.08,0.85,262,105,59.92,157,"Deakin","Warranwood (Deakin)","91710"
42.73,-2.4,1444,617,57.27,827,"Deakin","Weeden Heights","3584"
36.41,-0.46,1236,450,63.59,786,"Deakin","Yarra Road (Deakin)","31766"
69.52,-1.71,1217,846,30.48,371,"Dunkley","Aldercourt","3587"
46.88,-9.19,1380,647,53.12,733,"Dunkley","Baden Powell","3588"
65.23,-3.1,765,499,34.77,266,"Dunkley","Ballam Park","3589"
43.33,2.72,600,260,56.67,340,"Dunkley","Baxter (Dunkley)","35287"
60.58,-0.93,1616,979,39.42,637,"Dunkley","Belvedere Park","31462"
77.78,-13.49,9,7,22.22,2,"Dunkley","BLV Dunkley PPVC","65547"
60.8,-8.54,921,560,39.2,361,"Dunkley","Bruce Park","3592"
64.1,-2.37,1351,866,35.9,485,"Dunkley","Carrum Downs","3956"
56.55,-3.14,1878,1062,43.45,816,"Dunkley","Carrum Downs North","64692"
54.19,5.98,10620,5755,45.81,4865,"Dunkley","Carrum Downs PPVC","97535"
58.26,1.29,321,187,41.74,134,"Dunkley","Carrum Downs West","97548"
52.08,-3.75,432,225,47.92,207,"Dunkley","Cranbourne DUNKLEY PPVC","97461"
48.76,-8.94,1290,629,51.24,661,"Dunkley","Derinya","3593"
41.79,4.91,591,247,58.21,344,"Dunkley","Divisional Office (PREPOLL)","30201"
59.85,-5.65,1203,720,40.15,483,"Dunkley","Frankston","3594"
49.73,0.34,14383,7152,50.27,7231,"Dunkley","Frankston DUNKLEY PPVC","36414"
58.25,-1.64,1358,791,41.75,567,"Dunkley","Frankston East","3596"
61.32,-0.98,936,574,38.68,362,"Dunkley","Frankston Heights","3598"
67.01,-2.72,591,396,32.99,195,"Dunkley","Frankston Rail","3599"
61.03,-4.88,1994,1217,38.97,777,"Dunkley","Frankston South","3600"
63.15,-1.2,1194,754,36.85,440,"Dunkley","Kananook","3601"
64.87,-1.89,1466,951,35.13,515,"Dunkley","Karingal","3602"
62.53,-1.31,1273,796,37.47,477,"Dunkley","Karingal Heights","3603"
55.9,-2.56,1372,767,44.1,605,"Dunkley","Kingsley Park","11886"
44.23,-7.76,1110,491,55.77,619,"Dunkley","Kunyung","3604"
52.55,-0.63,1960,1030,47.45,930,"Dunkley","Langwarrin","3640"
51.68,-0.31,1219,630,48.32,589,"Dunkley","Langwarrin Hall","65123"
50.04,-1.53,1123,562,49.96,561,"Dunkley","Langwarrin North","33071"
52.12,-1.28,1487,775,47.88,712,"Dunkley","Langwarrin Park","11656"
47.72,1.84,5275,2517,52.28,2758,"Dunkley","Langwarrin PPVC","83451"
63.43,0.35,1687,1070,36.57,617,"Dunkley","Lyrebird","31974"
37.42,6.04,2055,769,62.58,1286,"Dunkley","Mornington DUNKLEY PPVC","82825"
38.94,-4.27,1777,692,61.06,1085,"Dunkley","Mt Eliza","3607"
25.11,-5.13,916,230,74.89,686,"Dunkley","Mt Eliza Central","11652"
48.48,-10.87,821,398,51.52,423,"Dunkley","Mt Eliza North","3608"
44.21,-6.97,1312,580,55.79,732,"Dunkley","Mt Eliza South","65124"
47.86,-2.51,1755,840,52.14,915,"Dunkley","Mt Erin","3590"
62.82,0.8,1127,708,37.18,419,"Dunkley","Rowellyn Park","31051"
63.97,-4.47,1310,838,36.03,472,"Dunkley","Seaford","4159"
64.68,-7.11,1110,718,35.32,392,"Dunkley","Seaford North","4160"
57.81,1.18,1562,903,42.19,659,"Dunkley","Skye","3979"
53.98,-5.15,1069,577,46.02,492,"Flinders","Balnarring","3613"
45.44,1.77,889,404,54.56,485,"Flinders","Baxter (Flinders)","3615"
57.75,-9.82,658,380,42.25,278,"Flinders","Bittern","3617"
41.55,-0.56,888,369,58.45,519,"Flinders","Blairgowrie","3618"
57.14,9.53,14,8,42.86,6,"Flinders","BLV Flinders PPVC","65434"
48.2,-1.28,583,281,51.8,302,"Flinders","Boneo","3619"
51.74,-0.99,634,328,48.26,306,"Flinders","Crib Point","3625"
0.0,0.0,0,0,0.0,0,"Flinders","Divisional Office (PREPOLL)","30202"
51.12,-5.49,1657,847,48.88,810,"Flinders","Dromana","3629"
45.92,-3.78,368,169,54.08,199,"Flinders","Dromana Beach","31295"
44.84,-1.93,910,408,55.16,502,"Flinders","Dromana North","69887"
44.04,-13.59,554,244,55.96,310,"Flinders","Flinders","3631"
49.33,-1.18,965,476,50.67,489,"Flinders","Frankston FLINDERS PPVC","91941"
51.76,-1.24,1304,675,48.24,629,"Flinders","Hastings","3635"
43.49,-0.36,12034,5233,56.51,6801,"Flinders","Hastings PPVC","31697"
48.94,1.59,517,253,51.06,264,"Flinders","Hastings West","83772"
36.42,-9.59,475,173,63.58,302,"Flinders","Moorooduc","3645"
45.86,-8.08,1995,915,54.14,1080,"Flinders","Mornington","3605"
45.27,-2.34,1690,765,54.73,925,"Flinders","Mornington East","31452"
39.14,3.82,16535,6472,60.86,10063,"Flinders","Mornington FLINDERS PPVC","82831"
50.16,-4.0,1272,638,49.84,634,"Flinders","Mornington South","3606"
49.62,-10.92,1699,843,50.38,856,"Flinders","Mt Martha","3646"
39.68,1.06,247,98,60.32,149,"Flinders","Mt Martha Nepean","83809"
45.8,-6.28,1847,846,54.2,1001,"Flinders","Mt Martha North","11520"
30.72,-10.17,293,90,69.28,203,"Flinders","Portsea","3652"
54.29,-12.7,897,487,45.71,410,"Flinders","Red Hill","3653"
51.61,-0.05,1490,769,48.39,721,"Flinders","Rosebud East","3656"
43.6,-2.73,15040,6557,56.4,8483,"Flinders","Rosebud PPVC","66007"
50.0,-3.67,1294,647,50.0,647,"Flinders","Rosebud South","11517"
57.73,-5.66,1171,676,42.27,495,"Flinders","Rosebud West","3657"
54.14,-2.81,1642,889,45.86,753,"Flinders","Rye","3658"
63.7,-12.59,551,351,36.3,200,"Flinders","St Andrews Beach","31465"
60.86,-12.86,304,185,39.14,119,"Flinders","Shoreham","3661"
56.65,-3.87,526,298,43.35,228,"Flinders","Somers","3662"
43.56,1.39,590,257,56.44,333,"Flinders","Somerville","83697"
47.53,-3.91,1456,692,52.47,764,"Flinders","Somerville East","31059"
45.79,-0.1,1863,853,54.21,1010,"Flinders","Somerville West","3663"
39.2,-6.38,727,285,60.8,442,"Flinders","Sorrento","3664"
57.83,-3.9,1067,617,42.17,450,"Flinders","Tanti Park","3609"
54.47,1.22,828,451,45.53,377,"Flinders","Tootgarook","3666"
41.07,0.91,935,384,58.93,551,"Flinders","Tyabb","3667"
71.43,8.59,609,435,28.57,174,"Fraser","Albanvale (Fraser)","3345"
68.67,1.12,1334,916,31.33,418,"Fraser","Albion","3346"
68.38,6.67,1164,796,31.62,368,"Fraser","Ardeer South","4240"
54.55,9.74,11,6,45.45,5,"Fraser","BLV Fraser PPVC","91788"
66.58,6.82,1900,1265,33.42,635,"Fraser","Cairnlea (Fraser)","46536"
65.93,8.13,91,60,34.07,31,"Fraser","Deer Park Central (Fraser)","91905"
72.68,5.21,1962,1426,27.32,536,"Fraser","Delahey (Fraser)","31046"
28.57,71.43,7,2,71.43,5,"Fraser","Divisional Office (PREPOLL)","91908"
44.91,14.01,1385,622,55.09,763,"Fraser","Essendon FRASER PPVC","91798"
66.14,-1.78,3145,2080,33.86,1065,"Fraser","Footscray FRASER PPVC","91831"
70.8,5.51,1024,725,29.2,299,"Fraser","Glengala","32904"
72.97,3.98,762,556,27.03,206,"Fraser","Glengala South","3354"
58.3,10.43,1259,734,41.7,525,"Fraser","Kealba","3355"
43.21,4.44,1930,834,56.79,1096,"Fraser","Keilor (Fraser)","3356"
58.87,6.31,1437,846,41.13,591,"Fraser","Keilor Downs","3357"
41.14,6.52,367,151,58.86,216,"Fraser","Keilor Village","83796"
71.48,8.42,1087,777,28.52,310,"Fraser","Kings Park (Fraser)","3359"
74.19,-11.27,31,23,25.81,8,"Fraser","Melbourne (Fraser)","91790"
62.02,0.44,337,209,37.98,128,"Fraser","Melbourne Central FRASER PPVC","97510"
64.04,-1.58,737,472,35.96,265,"Fraser","Melbourne FRASER PPVC","91799"
61.85,6.37,2089,1292,38.15,797,"Fraser","Monmia","31048"
72.23,6.23,1037,749,27.77,288,"Fraser","St Albans East","3361"
75.26,1.03,966,727,24.74,239,"Fraser","St Albans North","3362"
66.48,8.04,22991,15285,33.52,7706,"Fraser","St Albans PPVC","82787"
73.07,5.28,635,464,26.93,171,"Fraser","St Albans South","3363"
71.39,6.04,1024,731,28.61,293,"Fraser","St Albans South East","3364"
71.57,7.37,1027,735,28.43,292,"Fraser","St Albans West (Fraser)","3365"
72.59,1.14,1153,837,27.41,316,"Fraser","Sunshine","3699"
65.82,7.81,11672,7682,34.18,3990,"Fraser","Sunshine FRASER PPVC","38309"
67.93,5.32,1375,934,32.07,441,"Fraser","Sunshine North","3367"
69.26,9.46,810,561,30.74,249,"Fraser","Sunshine North West","3347"
71.45,2.17,1317,941,28.55,376,"Fraser","Sunvale","3350"
63.2,3.44,788,498,36.8,290,"Fraser","Sydenham Central (Fraser)","46561"
63.58,-0.81,604,384,36.42,220,"Fraser","Sydenham East","83803"
68.83,2.79,1726,1188,31.17,538,"Fraser","Sydenham West (Fraser)","47832"
52.57,3.04,1851,973,47.43,878,"Fraser","Taylors Lakes","8907"
55.53,8.13,1979,1099,44.47,880,"Fraser","Taylors Lakes Central","47828"
51.8,9.62,2529,1310,48.2,1219,"Fraser","Taylors Lakes North","33282"
71.91,2.59,972,699,28.09,273,"Fraser","Tottenham North (Fraser)","3701"
56.77,-3.86,384,218,43.23,166,"Gellibrand","Alamanda (Gellibrand)","92004"
65.07,-3.85,942,613,34.93,329,"Gellibrand","Altona","4236"
67.63,-0.26,800,541,32.38,259,"Gellibrand","Altona Bay","8893"
67.76,-2.68,1160,786,32.24,374,"Gellibrand","Altona East","3676"
70.54,-0.12,1419,1001,29.46,418,"Gellibrand","Altona Gate","3677"
70.64,1.4,2047,1446,29.36,601,"Gellibrand","Altona Green","58455"
72.45,3.96,1644,1191,27.55,453,"Gellibrand","Altona Meadows","4237"
66.33,5.1,490,325,33.67,165,"Gellibrand","Altona Meadows East","83734"
71.22,-1.4,1303,928,28.78,375,"Gellibrand","Altona North","3678"
59.23,1.64,20497,12140,40.77,8357,"Gellibrand","Altona PPVC","83964"
65.96,-2.67,1090,719,34.04,371,"Gellibrand","Altona West","4238"
55.56,4.44,9,5,44.44,4,"Gellibrand","BLV Gellibrand PPVC","65439"
61.45,-3.45,2205,1355,38.55,850,"Gellibrand","Boardwalk (Gellibrand)","36443"
54.04,2.81,866,468,45.96,398,"Gellibrand","Boardwalk Central (Gellibrand)","47822"
67.74,-0.01,155,105,32.26,50,"Gellibrand","Divisional Office (PREPOLL)","30203"
59.24,-5.59,157,93,40.76,64,"Gellibrand","Featherbrook (Gellibrand)","92007"
80.0,-2.82,945,756,20.0,189,"Gellibrand","Footscray (Gellibrand)","3680"
81.11,-5.56,1191,966,18.89,225,"Gellibrand","Footscray Central","3681"
72.88,-3.81,5634,4106,27.12,1528,"Gellibrand","Footscray GELLIBRAND PPVC","58762"
80.5,-5.05,1282,1032,19.5,250,"Gellibrand","Footscray South","3685"
54.46,8.98,3294,1794,45.54,1500,"Gellibrand","Hoppers Crossing GELLIBRAND PPVC","64709"
58.77,-2.98,1203,707,41.23,496,"Gellibrand","Innisfail (Gellibrand)","65111"
76.96,-4.97,2157,1660,23.04,497,"Gellibrand","Kingsville","3687"
74.64,-3.1,974,727,25.36,247,"Gellibrand","Laverton North","4248"
68.75,-0.47,64,44,31.25,20,"Gellibrand","Melbourne (Gellibrand)","31984"
70.12,-6.14,1382,969,29.88,413,"Gellibrand","Melbourne GELLIBRAND PPVC","83904"
69.64,-2.45,1446,1007,30.36,439,"Gellibrand","Newport","3693"
69.1,-4.19,1330,919,30.9,411,"Gellibrand","Newport East","3694"
79.39,-3.93,946,751,20.61,195,"Gellibrand","Newport West","3695"
53.14,-2.88,1897,1008,46.86,889,"Gellibrand","Point Cook (Gellibrand)","46531"
50.4,1.8,1113,561,49.6,552,"Gellibrand","Sanctuary Lakes (Gellibrand)","83022"
60.57,-6.38,875,530,39.43,345,"Gellibrand","Sanctuary Lakes South","82874"
61.23,-0.79,2151,1317,38.77,834,"Gellibrand","Seabrook","32908"
60.33,-0.88,799,482,39.67,317,"Gellibrand","Seaholme","4256"
77.7,-6.16,1426,1108,22.3,318,"Gellibrand","Seddon","3696"
67.27,-1.39,1152,775,32.73,377,"Gellibrand","South Kingsville","3698"
70.85,-5.61,957,678,29.15,279,"Gellibrand","Spotswood","3697"
63.73,9.43,466,297,36.27,169,"Gellibrand","Sunshine GELLIBRAND PPVC","63605"
62.77,1.14,752,472,37.23,280,"Gellibrand","Truganina South (Gellibrand)","91999"
60.88,-0.63,754,459,39.12,295,"Gellibrand","Williamstown","3702"
64.29,-7.11,322,207,35.71,115,"Gellibrand","Williamstown Bayview","83733"
64.1,-6.01,1780,1141,35.9,639,"Gellibrand","Williamstown North","3703"
66.75,-8.43,2060,1375,33.25,685,"Gellibrand","Williamstown South","3704"
56.28,-3.91,1830,1030,43.72,800,"Gellibrand","Williamstown West","3705"
73.1,-3.67,1487,1087,26.9,400,"Gellibrand","Yarraville","3706"
78.37,-8.42,1586,1243,21.63,343,"Gellibrand","Yarraville Central","3707"
71.58,-1.93,1559,1116,28.42,443,"Gellibrand","Yarraville South","3688"
32.54,-0.74,1257,409,67.46,848,"Goldstein","Beaumaris","4133"
35.61,-3.32,1991,709,64.39,1282,"Goldstein","Beaumaris Central","83811"
48.45,-8.71,805,390,51.55,415,"Goldstein","Beaumaris East (Goldstein)","31765"
39.0,-6.34,1077,420,61.0,657,"Goldstein","Beaumaris North","4136"
49.16,-4.52,2445,1202,50.84,1243,"Goldstein","Bentleigh","3852"
51.15,-6.8,780,399,48.85,381,"Goldstein","Bentleigh Central (Goldstein)","31762"
47.33,-4.0,1948,922,52.67,1026,"Goldstein","Bentleigh West","3853"
39.33,-4.75,1200,472,60.67,728,"Goldstein","Black Rock","4138"
36.44,-4.12,1512,551,63.56,961,"Goldstein","Black Rock South","4139"
33.33,3.51,24,8,66.67,16,"Goldstein","BLV Goldstein PPVC","65443"
38.74,-6.86,2633,1020,61.26,1613,"Goldstein","Brighton","3854"
33.93,-7.39,1123,381,66.07,742,"Goldstein","Brighton Beach","3855"
33.07,2.5,1400,463,66.93,937,"Goldstein","Brighton East","3857"
32.14,-3.24,476,153,67.86,323,"Goldstein","Brighton South","3862"
37.76,1.55,1189,449,62.24,740,"Goldstein","Caulfield South","3860"
51.72,-8.24,1044,540,48.28,504,"Goldstein","Cheltenham (Goldstein)","4145"
48.33,-15.33,120,58,51.67,62,"Goldstein","Divisional Office (PREPOLL)","30205"
57.67,-6.14,1174,677,42.33,497,"Goldstein","Elsternwick (Goldstein)","63669"
47.61,-7.41,1174,559,52.39,615,"Goldstein","Elsternwick Central","3859"
54.99,-6.94,771,424,45.01,347,"Goldstein","Elsternwick North (Goldstein)","3864"
49.92,-9.03,1290,644,50.08,646,"Goldstein","Elsternwick South","3865"
37.99,-4.85,1582,601,62.01,981,"Goldstein","Gardenvale","3866"
39.31,-2.25,2096,824,60.69,1272,"Goldstein","Glenhuntly","3896"
58.4,-4.54,923,539,41.6,384,"Goldstein","Glenhuntly East (Goldstein)","3897"
44.2,-7.27,1878,830,55.8,1048,"Goldstein","Hampton","3867"
49.34,-8.1,833,411,50.66,422,"Goldstein","Hampton Central","3868"
59.6,-8.11,1260,751,40.4,509,"Goldstein","Hampton East","3877"
36.06,-2.51,17747,6399,63.94,11348,"Goldstein","Hampton PPVC","97599"
54.07,-5.34,1450,784,45.93,666,"Goldstein","Highett (Goldstein)","3869"
48.46,-4.03,1688,818,51.54,870,"Goldstein","Highett West","3872"
42.84,-4.64,2033,871,57.16,1162,"Goldstein","Landcox","3873"
45.15,-5.01,1659,749,54.85,910,"Goldstein","Ludstone","3874"
51.4,-2.33,1576,810,48.6,766,"Goldstein","McKinnon","3902"
53.76,-6.6,1544,830,46.24,714,"Goldstein","McKinnon East (Goldstein)","3912"
37.28,9.31,1738,648,62.72,1090,"Goldstein","Malvern GOLDSTEIN PPVC","83933"
45.71,6.25,35,16,54.29,19,"Goldstein","Melbourne (Goldstein)","82810"
49.18,-9.88,364,179,50.82,185,"Goldstein","Melbourne Central GOLDSTEIN PPVC","97507"
53.05,-13.8,884,469,46.95,415,"Goldstein","Melbourne GOLDSTEIN PPVC","83906"
30.98,-5.91,1930,598,69.02,1332,"Goldstein","Middle Brighton","3875"
41.45,-1.37,5571,2309,58.55,3262,"Goldstein","Moorabbin GOLDSTEIN PPVC","83939"
51.71,-6.85,586,303,48.29,283,"Goldstein","Moorabbin South (Goldstein)","64688"
50.41,-7.55,982,495,49.59,487,"Goldstein","Oakleigh GOLDSTEIN PPVC","64648"
54.27,-8.81,1699,922,45.73,777,"Goldstein","Ormond West","3913"
47.07,-12.31,376,177,52.93,199,"Goldstein","St Kilda GOLDSTEIN PPVC","65901"
40.7,-0.31,1145,466,59.3,679,"Goldstein","Sandringham","3881"
50.23,-13.17,1714,861,49.77,853,"Goldstein","Sandringham North","3882"
72.62,8.31,493,358,27.38,135,"Gorton","Albanvale (Gorton)","92050"
68.88,2.14,723,498,31.12,225,"Gorton","Arnolds Creek","67006"
75.0,-12.5,12,9,25.0,3,"Gorton","BLV Gorton PPVC","65441"
66.99,-2.4,1351,905,33.01,446,"Gorton","Brookfield","64674"
69.01,0.03,3143,2169,30.99,974,"Gorton","Brookside","34094"
70.55,-1.45,584,412,29.45,172,"Gorton","Burnside","97536"
71.58,-1.86,774,554,28.42,220,"Gorton","Burnside Heights","83035"
67.24,6.29,290,195,32.76,95,"Gorton","Cairnlea (Gorton)","92053"
64.81,2.12,2012,1304,35.19,708,"Gorton","Caroline Springs","47831"
69.52,1.5,1342,933,30.48,409,"Gorton","Coburn","4251"
65.16,2.31,1817,1184,34.84,633,"Gorton","Creekside","46552"
74.85,3.97,1173,878,25.15,295,"Gorton","Deer Park","4242"
78.58,-4.28,789,620,21.42,169,"Gorton","Deer Park Central (Gorton)","83488"
75.69,0.22,1407,1065,24.31,342,"Gorton","Deer Park West","4244"
65.63,14.11,192,126,34.38,66,"Gorton","Delahey (Gorton)","92052"
71.08,-0.55,1684,1197,28.92,487,"Gorton","Derrimut","47825"
61.6,3.1,1047,645,38.4,402,"Gorton","Diggers Rest","3352"
0.0,-33.68,0,0,0.0,0,"Gorton","Divisional Office (PREPOLL)","35527"
54.35,4.23,1091,593,45.65,498,"Gorton","Exford","4245"
69.55,-2.33,1041,724,30.45,317,"Gorton","Fraser Rise","83482"
60.02,4.7,2651,1591,39.98,1060,"Gorton","Hillside","36400"
83.89,-2.15,211,177,16.11,34,"Gorton","Kings Park (Gorton)","92051"
70.55,0.67,1168,824,29.45,344,"Gorton","Kurunjang","4246"
66.81,1.06,1853,1238,33.19,615,"Gorton","Melton","4250"
64.24,4.7,302,194,35.76,108,"Gorton","Melton Central","83780"
62.22,2.57,21031,13086,37.78,7945,"Gorton","Melton GORTON PPVC","38304"
69.74,3.55,1553,1083,30.26,470,"Gorton","Melton South","4252"
63.23,2.74,2684,1697,36.77,987,"Gorton","Parkwood Green","46557"
66.52,-1.22,941,626,33.48,315,"Gorton","Rockbank","4255"
71.32,11.74,129,92,28.68,37,"Gorton","St Albans West (Gorton)","64645"
65.13,0.75,1927,1255,34.87,672,"Gorton","Springside","47827"
66.62,8.39,9453,6298,33.38,3155,"Gorton","Sunshine GORTON PPVC","64711"
59.8,8.58,204,122,40.2,82,"Gorton","Sydenham Central (Gorton)","63745"
66.21,2.65,1157,766,33.79,391,"Gorton","Sydenham West (Gorton)","63747"
66.1,3.75,2100,1388,33.9,712,"Gorton","Taylors Hill","47826"
47.71,0.77,436,208,52.29,228,"Gorton","Toolern Vale","3334"
68.61,-1.14,1599,1097,31.39,502,"Gorton","Westlake","8897"
70.02,-0.03,1331,932,29.98,399,"Gorton","West Melton","4263"
43.85,-8.16,1503,659,56.15,844,"Higgins","Armadale","3917"
51.63,-7.01,2355,1216,48.37,1139,"Higgins","Ashburton","3416"
60.0,8.18,20,12,40.0,8,"Higgins","BLV Higgins PPVC","65527"
47.9,-7.09,1119,536,52.1,583,"Higgins","Burwood","3425"
41.24,-0.09,628,259,58.76,369,"Higgins","Burwood West","3919"
47.02,-11.77,1274,599,52.98,675,"Higgins","Camberwell South (Higgins)","3922"
65.15,-11.13,1937,1262,34.85,675,"Higgins","Carnegie","3889"
55.71,-3.63,1418,790,44.29,628,"Higgins","Carnegie East","3890"
47.5,-5.15,1219,579,52.5,640,"Higgins","Carnegie North","3891"
55.39,-8.79,919,509,44.61,410,"Higgins","Carnegie Upper","31769"
51.5,-6.1,1598,823,48.5,775,"Higgins","Chadstone","3893"
38.5,-5.84,709,273,61.5,436,"Higgins","Darling","3930"
45.09,-2.76,224,101,54.91,123,"Higgins","Divisional Office (PREPOLL)","30206"
60.07,-13.38,298,179,39.93,119,"Higgins","Fawkner Park (Higgins)","65687"
48.08,-1.74,1040,500,51.92,540,"Higgins","Gardiner","3932"
59.19,-5.29,1132,670,40.81,462,"Higgins","Glenhuntly East (Higgins)","63761"
41.79,-6.52,2252,941,58.21,1311,"Higgins","Glen Iris","3933"
49.5,-5.88,1784,883,50.5,901,"Higgins","Glen Iris South","3934"
53.21,-8.16,2137,1137,46.79,1000,"Higgins","Hawksburn","4667"
54.63,-21.64,1036,566,45.37,470,"Higgins","Hawksburn Central","4668"
0.0,-62.19,0,0,0.0,0,"Higgins","Hawthorn HIGGINS PPVC","65213"
61.55,-5.94,1563,962,38.45,601,"Higgins","Hughesdale","3899"
47.83,-14.74,138,66,52.17,72,"Higgins","Hughesdale South (Higgins)","97457"
43.28,-9.17,2699,1168,56.72,1531,"Higgins","Malvern","3939"
47.82,-1.43,870,416,52.18,454,"Higgins","Malvern Central","3940"
44.14,-5.03,2705,1194,55.86,1511,"Higgins","Malvern East","3903"
34.28,-4.57,14027,4809,65.72,9218,"Higgins","Malvern HIGGINS PPVC","34282"
28.39,-2.88,1314,373,71.61,941,"Higgins","Malvern Lower","3941"
40.32,-4.8,2257,910,59.68,1347,"Higgins","Malvern South","3942"
48.09,-4.85,603,290,51.91,313,"Higgins","Malvern West","3943"
59.21,-0.53,76,45,40.79,31,"Higgins","Melbourne (Higgins)","32004"
47.1,-7.26,482,227,52.9,255,"Higgins","Melbourne Central HIGGINS PPVC","97512"
52.36,-8.97,1528,800,47.64,728,"Higgins","Melbourne HIGGINS PPVC","83908"
58.3,-11.5,1760,1026,41.7,734,"Higgins","Murrumbeena","3904"
52.17,-7.98,2277,1188,47.83,1089,"Higgins","Murrumbeena South","3905"
58.19,-5.6,574,334,41.81,240,"Higgins","Oakleigh (Higgins)","34017"
52.01,-2.36,4991,2596,47.99,2395,"Higgins","Oakleigh HIGGINS PPVC","64656"
53.65,-5.64,1467,787,46.35,680,"Higgins","Orrong","3944"
63.85,-7.68,993,634,36.15,359,"Higgins","Prahran (Higgins)","4673"
61.51,-4.53,1034,636,38.49,398,"Higgins","Prahran East (Higgins)","4674"
58.94,-6.77,621,366,41.06,255,"Higgins","South Yarra","4688"
50.31,-4.17,813,409,49.69,404,"Higgins","South Yarra Central","83875"
47.73,-5.55,6451,3079,52.27,3372,"Higgins","South Yarra HIGGINS PPVC","83886"
28.04,-4.87,1248,350,71.96,898,"Higgins","Toorak","3945"
40.75,-6.4,1671,681,59.25,990,"Higgins","Toorak Central","3946"
30.17,-6.42,759,229,69.83,530,"Higgins","Toorak West","3947"
67.0,-2.4,200,134,33.0,66,"Higgins","Windsor (Higgins)","92054"
56.96,-0.14,539,307,43.04,232,"Holt","Berwick Fields (Holt)","92172"
52.67,-4.0,4209,2217,47.33,1992,"Holt","Berwick HOLT PPVC","65902"
42.2,4.01,808,341,57.8,467,"Holt","Blind Bight","33295"
81.82,18.18,11,9,18.18,2,"Holt","BLV Holt PPVC","65413"
65.38,-1.32,1066,697,34.62,369,"Holt","Casey Central (Holt)","83281"
56.94,-7.03,1008,574,43.06,434,"Holt","Clyde (Holt)","82860"
68.05,-2.73,1208,822,31.95,386,"Holt","Clyde North (Holt)","83280"
71.94,1.32,1668,1200,28.06,468,"Holt","Coral Park","31050"
62.58,3.31,1932,1209,37.42,723,"Holt","Courtney Gardens","32372"
62.77,1.42,1198,752,37.23,446,"Holt","Cranbourne","3960"
63.1,2.17,2111,1332,36.9,779,"Holt","Cranbourne East","64603"
54.97,3.14,1157,636,45.03,521,"Holt","Cranbourne Heights","47810"
55.78,-0.54,24502,13668,44.22,10834,"Holt","Cranbourne HOLT PPVC","38290"
63.71,-1.37,992,632,36.29,360,"Holt","Cranbourne North","47813"
66.78,2.65,1210,808,33.22,402,"Holt","Cranbourne North East","47814"
59.29,6.49,1184,702,40.71,482,"Holt","Cranbourne Park","3961"
42.9,-6.09,1774,761,57.1,1013,"Holt","Cranbourne South","3624"
62.58,5.45,1427,893,37.42,534,"Holt","Cranbourne South West","83266"
67.94,1.14,2277,1547,32.06,730,"Holt","Cranbourne West","11647"
66.6,-2.87,2027,1350,33.4,677,"Holt","Dandenong HOLT PPVC","58783"
38.01,-0.67,826,314,61.99,512,"Holt","Devon Meadows","3628"
0.0,-42.27,0,0,0.0,0,"Holt","Divisional Office (PREPOLL)","30207"
68.66,4.57,1570,1078,31.34,492,"Holt","Hampton Park","11655"
70.56,2.31,1970,1390,29.44,580,"Holt","Hampton Park East","3966"
53.35,1.89,2581,1377,46.65,1204,"Holt","Hillsmeade (Holt)","63835"
71.06,1.21,1700,1208,28.94,492,"Holt","Kilberry Valley","36441"
66.16,0.6,1442,954,33.84,488,"Holt","Lynbrook","46564"
64.3,2.41,790,508,35.7,282,"Holt","Lynbrook South","83365"
62.35,2.69,765,477,37.65,288,"Holt","Lyndhurst","3967"
60.75,-0.17,1819,1105,39.25,714,"Holt","Lyndhurst West","64604"
66.23,-6.97,154,102,33.77,52,"Holt","Narre Warren (Holt)","63833"
67.4,0.46,2193,1478,32.6,715,"Holt","Narre Warren South","36442"
64.06,3.45,576,369,35.94,207,"Holt","Oakgrove","83487"
42.11,-0.25,1420,598,57.89,822,"Holt","Pearcedale","3649"
69.28,-3.86,664,460,30.72,204,"Holt","Rangebank","83361"
65.36,0.59,1605,1049,34.64,556,"Holt","Strathaird","46567"
39.37,-4.82,635,250,60.63,385,"Holt","Tooradin","3665"
58.84,-0.45,1856,1092,41.16,764,"Hotham","Albany Rise","3238"
50.71,-6.29,1402,711,49.29,691,"Hotham","Bentleigh Central (Hotham)","3887"
53.92,-5.28,1198,646,46.08,552,"Hotham","Bentleigh East","3988"
56.52,-3.89,23,13,43.48,10,"Hotham","BLV Hotham PPVC","65519"
53.54,-4.02,1765,945,46.46,820,"Hotham","Brandon Park","3220"
48.06,-2.17,1954,939,51.94,1015,"Hotham","Brentwood (Hotham)","3221"
57.37,-0.11,563,323,42.63,240,"Hotham","Chadstone East (Hotham)","92247"
65.01,0.29,1646,1070,34.99,576,"Hotham","Clarinda","3992"
67.56,1.93,1381,933,32.44,448,"Hotham","Clarinda South","3993"
64.92,-2.36,1032,670,35.08,362,"Hotham","Clayton","3223"
66.61,-4.83,1240,826,33.39,414,"Hotham","Clayton North","3225"
69.89,3.23,1986,1388,30.11,598,"Hotham","Clayton South","3994"
56.11,-4.57,2750,1543,43.89,1207,"Hotham","Coatesville","3895"
56.91,-0.15,123,70,43.09,53,"Hotham","Divisional Office (PREPOLL)","30208"
51.05,3.66,2053,1048,48.95,1005,"Hotham","Gladeswood","3227"
56.19,0.88,687,386,43.81,301,"Hotham","Heatherton North","11527"
55.07,-4.26,1331,733,44.93,598,"Hotham","Hughesdale South (Hotham)","3900"
37.59,-0.98,1378,518,62.41,860,"Hotham","Jells Park","3233"
52.15,-5.29,535,279,47.85,256,"Hotham","McKinnon East (Hotham)","65894"
56.36,-4.62,1526,860,43.64,666,"Hotham","Moorabbin Heights","4014"
52.89,-1.54,2473,1308,47.11,1165,"Hotham","Moorabbin HOTHAM PPVC","83815"
53.62,-3.49,938,503,46.38,435,"Hotham","Moorabbin South (Hotham)","4004"
59.85,-13.86,675,404,40.15,271,"Hotham","Mount Waverley South (Hotham)","92233"
60.71,-2.95,1120,680,39.29,440,"Hotham","Mulgrave","3237"
45.65,-0.73,7501,3424,54.35,4077,"Hotham","Mulgrave HOTHAM PPVC","36432"
62.2,-5.19,1651,1027,37.8,624,"Hotham","Oakleigh (Hotham)","3906"
70.6,-8.34,1119,790,29.4,329,"Hotham","Oakleigh Central","3907"
59.93,-0.79,1772,1062,40.07,710,"Hotham","Oakleigh East","3239"
57.04,-2.59,10127,5776,42.96,4351,"Hotham","Oakleigh HOTHAM PPVC","58653"
62.16,0.76,1834,1140,37.84,694,"Hotham","Oakleigh South","3909"
52.4,-5.88,2170,1137,47.6,1033,"Hotham","Pinewood (Hotham)","31846"
70.73,4.23,410,290,29.27,120,"Hotham","Sandown Park (Hotham)","92206"
78.05,-39.16,41,32,21.95,9,"Hotham","Special Hospital Team 3","92208"
68.7,1.52,671,461,31.3,210,"Hotham","Springvale (Hotham)","4008"
68.11,-6.52,4287,2920,31.89,1367,"Hotham","Springvale HOTHAM PPVC","34061"
74.44,-0.84,180,134,25.56,46,"Hotham","Springvale South (Hotham)","92270"
73.38,1.2,650,477,26.62,173,"Hotham","Springvale West","4010"
76.8,-4.59,819,629,23.2,190,"Hotham","Spring Valley","4011"
55.85,-1.22,1239,692,44.15,547,"Hotham","Sussex Heights","3241"
53.74,-7.43,629,338,46.26,291,"Hotham","Valkstone","82833"
49.92,-2.03,1246,622,50.08,624,"Hotham","Waverley Meadows","3243"
55.62,-9.26,498,277,44.38,221,"Hotham","Wayburne (Hotham)","92209"
55.19,4.33,674,372,44.81,302,"Hotham","Wellington (Hotham)","3222"
71.09,0.01,1622,1153,28.91,469,"Hotham","Westall","4012"
44.59,-7.88,1552,692,55.41,860,"Hotham","Wheelers Hill","3246"
40.49,-1.74,1635,662,59.51,973,"Hotham","Wheelers Hill South","3247"
39.75,0.27,1303,518,60.25,785,"Indi","Alexandra","4307"
51.49,0.85,336,173,48.51,163,"Indi","Flowerdale","4324"
32.77,4.3,235,77,67.23,158,"Indi","Glenburn","4325"
55.57,2.66,772,429,44.43,343,"Indi","Kinglake","4336"
51.58,4.59,791,408,48.42,383,"Indi","Kinglake West","4337"
42.92,-5.35,424,182,57.08,242,"Indi","Marysville","4891"
44.71,0.08,170,76,55.29,94,"Indi","Narbethong","4901"
38.55,1.6,262,101,61.45,161,"Indi","Taggerty","4362"
32.92,-4.18,243,80,67.08,163,"Indi","Thornton","4366"
48.75,-1.52,240,117,51.25,123,"Indi","Toolangi","4367"
35.18,5.67,958,337,64.82,621,"Indi","Yea","4379"
60.43,-12.72,2196,1327,39.57,869,"Isaacs","Aspendale","4131"
68.52,-18.18,359,246,31.48,113,"Isaacs","Aspendale Central","97601"
58.9,-7.79,1905,1122,41.1,783,"Isaacs","Aspendale Gardens","11888"
54.84,-6.97,1652,906,45.16,746,"Isaacs","Beaumaris East (Isaacs)","4135"
64.29,8.44,14,9,35.71,5,"Isaacs","BLV Isaacs PPVC","65539"
62.29,-11.01,1347,839,37.71,508,"Isaacs","Bonbeach","4140"
64.08,-8.63,1339,858,35.92,481,"Isaacs","Carrum","4141"
69.32,0.54,427,296,30.68,131,"Isaacs","Chandler (Isaacs)","92394"
61.89,-10.35,837,518,38.11,319,"Isaacs","Chelsea","4142"
68.07,-11.52,2045,1392,31.93,653,"Isaacs","Chelsea Central","4143"
64.64,-7.18,2387,1543,35.36,844,"Isaacs","Chelsea Heights","4144"
59.77,-8.94,1377,823,40.23,554,"Isaacs","Cheltenham (Isaacs)","31575"
59.89,-6.51,1421,851,40.11,570,"Isaacs","Cheltenham East","3989"
60.35,-7.01,1329,802,39.65,527,"Isaacs","Cheltenham North","3990"
57.65,-6.47,987,569,42.35,418,"Isaacs","Cheltenham South","3991"
67.69,-0.55,65,44,32.31,21,"Isaacs","Coomoora (Isaacs)","63938"
64.71,-1.09,1740,1126,35.29,614,"Isaacs","Dandenong ISAACS PPVC","58802"
80.12,-7.48,1353,1084,19.88,269,"Isaacs","Dandenong South","3964"
53.54,-7.57,353,189,46.46,164,"Isaacs","Dingley","97602"
53.52,-8.63,1848,989,46.48,859,"Isaacs","Dingley Village","3996"
45.1,-4.25,153,69,54.9,84,"Isaacs","Divisional Office (PREPOLL)","30210"
62.18,-9.86,2369,1473,37.82,896,"Isaacs","Edithvale","4148"
51.79,2.87,1506,780,48.21,726,"Isaacs","Frankston ISAACS PPVC","65868"
61.37,-5.31,321,197,38.63,124,"Isaacs","Highett (Isaacs)","97454"
63.21,-0.79,2354,1488,36.79,866,"Isaacs","Keysborough","3968"
68.71,-6.23,163,112,31.29,51,"Isaacs","Keysborough South","83756"
57.22,-2.9,395,226,42.78,169,"Isaacs","Keysborough West","65860"
56.32,-6.61,1559,878,43.68,681,"Isaacs","Kingston Heath","4000"
53.86,-6.23,1335,719,46.14,616,"Isaacs","Kingswood","4001"
61.07,-13.64,1572,960,38.93,612,"Isaacs","Mentone","4150"
58.04,-7.77,877,509,41.96,368,"Isaacs","Mentone North","82991"
59.34,-8.43,964,572,40.66,392,"Isaacs","Mentone Park","4002"
52.44,-2.6,9645,5058,47.56,4587,"Isaacs","Moorabbin ISAACS PPVC","83817"
58.25,-8.13,297,173,41.75,124,"Isaacs","Moorabbin South (Isaacs)","92370"
57.4,-5.77,1500,861,42.6,639,"Isaacs","Moorabbin South East","4005"
61.14,-10.87,1364,834,38.86,530,"Isaacs","Mordialloc East","4154"
48.21,0.88,13756,6632,51.79,7124,"Isaacs","Mordialloc PPVC","97617"
60.77,-14.29,1751,1064,39.23,687,"Isaacs","Parkdale","4155"
62.72,-13.87,955,599,37.28,356,"Isaacs","Parkdale Central","4156"
60.88,-11.33,2132,1298,39.12,834,"Isaacs","Parkdale East","4157"
57.29,-14.19,1241,711,42.71,530,"Isaacs","Patterson Central","83757"
46.05,-2.95,1607,740,53.95,867,"Isaacs","Patterson Lakes","4158"
64.15,-10.51,636,408,35.85,228,"Isaacs","Southmoor","4003"
55.98,5.13,4396,2461,44.02,1935,"Isaacs","Springvale ISAACS PPVC","65867"
53.62,0.01,1464,785,46.38,679,"Jagajaga","Apollo Parkways","4308"
60.84,-4.21,1711,1041,39.16,670,"Jagajaga","Banyule","4164"
67.69,-0.75,1210,819,32.31,391,"Jagajaga","Bellfield","51219"
71.43,-11.43,21,15,28.57,6,"Jagajaga","BLV Jagajaga PPVC","65556"
62.2,-3.64,1008,627,37.8,381,"Jagajaga","Briar Hill","4314"
64.3,2.39,1168,751,35.7,417,"Jagajaga","Bundoora (Jagajaga)","4165"
54.87,-0.54,2147,1178,45.13,969,"Jagajaga","Diamond Creek","3380"
55.6,-1.53,1250,695,44.4,555,"Jagajaga","Diamond Creek East","3381"
54.62,0.53,465,254,45.38,211,"Jagajaga","Diamond Creek West","83654"
0.0,0.0,0,0,0.0,0,"Jagajaga","Divisional Office (PREPOLL)","30211"
64.52,-11.7,155,100,35.48,55,"Jagajaga","Eltham (Jagajaga)","92404"
58.64,-1.21,162,95,41.36,67,"Jagajaga","Eltham North (Jagajaga)","92406"
53.49,-3.49,1389,743,46.51,646,"Jagajaga","Fairy Hills","4168"
49.49,-4.43,1265,626,50.51,639,"Jagajaga","Glendale (Jagajaga)","58457"
54.18,-2.06,1340,726,45.82,614,"Jagajaga","Greenhills","4329"
61.72,-1.05,1408,869,38.28,539,"Jagajaga","Greensborough","4330"
51.75,-2.39,18323,9482,48.25,8841,"Jagajaga","Greensborough JAGAJAGA PPVC","58458"
56.7,3.71,783,444,43.3,339,"Jagajaga","Grimshaw (Jagajaga)","4170"
59.64,-6.45,2017,1203,40.36,814,"Jagajaga","Heidelberg","4172"
55.57,-4.83,13998,7778,44.43,6220,"Jagajaga","Heidelberg JAGAJAGA PPVC","38297"
72.12,-0.9,1320,952,27.88,368,"Jagajaga","Heidelberg West","4175"
66.3,-9.02,2368,1570,33.7,798,"Jagajaga","Ivanhoe","4176"
48.23,-4.12,2061,994,51.77,1067,"Jagajaga","Ivanhoe East","4178"
45.46,-0.94,1157,526,54.54,631,"Jagajaga","Lower Plenty","4707"
63.36,-3.26,2175,1378,36.64,797,"Jagajaga","Macleod","4182"
53.2,9.29,547,291,46.8,256,"Jagajaga","Mill Park JAGAJAGA PPVC","92436"
59.89,-1.95,2244,1344,40.11,900,"Jagajaga","Montmorency","4347"
62.67,-7.32,1358,851,37.33,507,"Jagajaga","Montmorency South (Jagajaga)","4348"
80.8,-0.75,1531,1237,19.2,294,"Jagajaga","Olympic Village","4174"
36.44,-3.86,870,317,63.56,553,"Jagajaga","Plenty","4353"
61.94,-4.94,1545,957,38.06,588,"Jagajaga","Rosanna","4186"
51.55,-4.65,1773,914,48.45,859,"Jagajaga","St Helena (Jagajaga)","12081"
51.7,13.22,383,198,48.3,185,"Jagajaga","South Morang JAGAJAGA PPVC","92431"
57.82,-3.79,1842,1065,42.18,777,"Jagajaga","Viewbank","4189"
67.24,-1.44,818,550,32.76,268,"Jagajaga","Waiora","4171"
57.61,1.62,1800,1037,42.39,763,"Jagajaga","Watsonia","4191"
60.79,-0.17,1191,724,39.21,467,"Jagajaga","Watsonia Central","4192"
57.35,-0.12,2061,1182,42.65,879,"Jagajaga","Watsonia North","4193"
58.48,-4.7,725,424,41.52,301,"Jagajaga","Wattle Glen","11529"
56.34,-4.9,1672,942,43.66,730,"Jagajaga","Yallambie","4195"
52.18,-5.48,1240,647,47.82,593,"Kooyong","Auburn","4198"
54.03,-11.12,2021,1092,45.97,929,"Kooyong","Auburn North","4199"
40.47,-6.34,1606,650,59.53,956,"Kooyong","Auburn South","3918"
42.46,-6.82,1220,518,57.54,702,"Kooyong","Balwyn","4200"
39.42,-8.08,1436,566,60.58,870,"Kooyong","Balwyn Central","4201"
40.78,-2.27,2484,1013,59.22,1471,"Kooyong","Balwyn North","4203"
37.77,-3.39,1488,562,62.23,926,"Kooyong","Bellevue","4204"
33.33,-3.92,15,5,66.67,10,"Kooyong","BLV Kooyong PPVC","65528"
42.29,-5.21,1899,803,57.71,1096,"Kooyong","Boroondara","4208"
50.74,-8.43,1681,853,49.26,828,"Kooyong","Camberwell","3920"
37.1,-4.68,628,233,62.9,395,"Kooyong","Camberwell East","4209"
40.5,-3.42,1205,488,59.5,717,"Kooyong","Camberwell Middle","3921"
36.4,-7.11,566,206,63.6,360,"Kooyong","Camberwell North","4210"
40.1,-4.42,768,308,59.9,460,"Kooyong","Camberwell South (Kooyong)","64001"
46.27,-10.02,1852,857,53.73,995,"Kooyong","Canterbury North","4212"
45.66,-10.75,1833,837,54.34,996,"Kooyong","Canterbury South","4213"
47.08,-10.66,1183,557,52.92,626,"Kooyong","Chatham","3427"
36.95,-7.25,1556,575,63.05,981,"Kooyong","Cotham","4214"
35.84,-4.86,1479,530,64.16,949,"Kooyong","Deepdene","4215"
35.86,-7.66,1651,592,64.14,1059,"Kooyong","Divisional Office (PREPOLL)","30212"
48.39,-9.15,124,60,51.61,64,"Kooyong","Elgar Park (Kooyong)","92454"
60.59,-5.84,1081,655,39.41,426,"Kooyong","Glenferrie","4217"
60.04,-11.86,2187,1313,39.96,874,"Kooyong","Glenferrie Central","4218"
32.43,-2.98,629,204,67.57,425,"Kooyong","Glenferrie South","4220"
40.98,-7.74,2523,1034,59.02,1489,"Kooyong","Greythorn","4205"
50.0,-9.32,1638,819,50.0,819,"Kooyong","Hartwell","3431"
45.93,1.77,1857,853,54.07,1004,"Kooyong","Hawthorn","4222"
41.1,-7.46,15874,6524,58.9,9350,"Kooyong","Hawthorn KOOYONG PPVC","38306"
43.39,-7.74,1853,804,56.61,1049,"Kooyong","Highfield Park","3432"
48.32,-6.5,1283,620,51.68,663,"Kooyong","Hyde Park","4223"
50.22,-5.27,2997,1505,49.78,1492,"Kooyong","Kew","4224"
48.01,-4.68,1208,580,51.99,628,"Kooyong","Kew East","4225"
50.26,-7.68,1906,958,49.74,948,"Kooyong","Kew North","4226"
45.25,-6.33,1116,505,54.75,611,"Kooyong","Kew South","4228"
46.0,-2.98,1211,557,54.0,654,"Kooyong","Koonung Heights (Kooyong)","63986"
35.66,-4.64,673,240,64.34,433,"Kooyong","Malvern KOOYONG PPVC","65214"
54.1,-0.2,61,33,45.9,28,"Kooyong","Melbourne (Kooyong)","32021"
44.6,-4.64,426,190,55.4,236,"Kooyong","Melbourne Central KOOYONG PPVC","97513"
48.27,-8.19,1413,682,51.73,731,"Kooyong","Melbourne KOOYONG PPVC","83914"
51.74,-8.27,1090,564,48.26,526,"Kooyong","Mont Albert","3438"
42.46,-7.83,1114,473,57.54,641,"Kooyong","Studley Park","4229"
47.14,-7.68,910,429,52.86,481,"Kooyong","Surrey Hills (Kooyong)","3440"
48.75,-8.32,1725,841,51.25,884,"Kooyong","Surrey Hills West","4230"
42.31,-1.23,2099,888,57.69,1211,"La Trobe","Beaconsfield","4267"
37.01,-7.13,1116,413,62.99,703,"La Trobe","Beaconsfield Upper","4268"
41.35,-2.07,1739,719,58.65,1020,"La Trobe","Berwick","4271"
46.86,-0.44,1592,746,53.14,846,"La Trobe","Berwick Chase","47817"
52.09,4.39,2129,1109,47.91,1020,"La Trobe","Berwick Fields (La Trobe)","36440"
39.98,0.35,17309,6921,60.02,10388,"La Trobe","Berwick LA TROBE PPVC","65129"
50.62,-0.65,1284,650,49.38,634,"La Trobe","Berwick Lodge","31057"
50.9,2.73,1558,793,49.1,765,"La Trobe","Berwick South","11651"
42.86,23.81,7,3,57.14,4,"La Trobe","BLV La Trobe PPVC","65431"
45.0,1.52,160,72,55.0,88,"La Trobe","Casey Central (La Trobe)","83818"
45.77,-2.21,614,281,54.23,333,"La Trobe","Clematis","4873"
52.49,-3.6,421,221,47.51,200,"La Trobe","Clyde (La Trobe)","3959"
59.47,-12.96,644,383,40.53,261,"La Trobe","Clyde North (La Trobe)","83666"
46.24,0.26,1036,479,53.76,557,"La Trobe","Clyde North East","83700"
52.95,-1.16,1645,871,47.05,774,"La Trobe","Cockatoo","4874"
53.35,-5.3,1627,868,46.65,759,"La Trobe","Cranbourne LA TROBE PPVC","58658"
0.0,0.0,0,0,0.0,0,"La Trobe","Divisional Office (PREPOLL)","30214"
54.05,-5.03,1704,921,45.95,783,"La Trobe","Emerald","4880"
50.54,-3.73,1013,512,49.46,501,"La Trobe","Gembrook","4881"
34.88,-0.54,711,248,65.12,463,"La Trobe","Harkaway","4289"
48.28,5.57,87,42,51.72,45,"La Trobe","Hillsmeade (La Trobe)","46565"
55.26,-11.42,152,84,44.74,68,"La Trobe","Macclesfield (La Trobe)","92516"
32.53,2.61,455,148,67.47,307,"La Trobe","Nar Nar Goon","4412"
26.82,-0.1,261,70,73.18,191,"La Trobe","Nar Nar Goon North","4902"
58.96,4.98,1752,1033,41.04,719,"La Trobe","Narre Warren (La Trobe)","32528"
33.1,4.88,1163,385,66.9,778,"La Trobe","Narre Warren North (La Trobe)","4295"
52.54,4.23,1696,891,47.46,805,"La Trobe","Oatlands","31538"
44.76,0.57,887,397,55.24,490,"La Trobe","Officer","4296"
53.98,-1.79,1130,610,46.02,520,"La Trobe","Officer Central","82933"
52.67,1.22,1088,573,47.33,515,"La Trobe","Pakenham","4421"
49.12,3.44,1480,727,50.88,753,"La Trobe","Pakenham Central","31058"
55.44,1.86,478,265,44.56,213,"La Trobe","Pakenham East","97590"
48.11,3.91,1112,535,51.89,577,"La Trobe","Pakenham Lakeside","46529"
43.89,0.9,15210,6675,56.11,8535,"La Trobe","Pakenham LA TROBE PPVC","46584"
54.59,2.72,1830,999,45.41,831,"La Trobe","Pakenham North","4904"
53.2,2.37,2158,1148,46.8,1010,"La Trobe","Pakenham Shearwater","47818"
52.2,3.2,2000,1044,47.8,956,"La Trobe","Pakenham Springs","65897"
34.24,0.01,476,163,65.76,313,"La Trobe","Pakenham Upper","31495"
56.98,-3.29,523,298,43.02,225,"La Trobe","Pakenham West","83651"
46.83,0.79,993,465,53.17,528,"La Trobe","Parkhill","46528"
46.84,5.49,506,237,53.16,269,"La Trobe","Ridgemont","83722"
48.79,3.84,2447,1194,51.21,1253,"La Trobe","Timbarra","32535"
40.21,-3.74,480,193,59.79,287,"La Trobe","Toomuc Valley","4912"
55.54,-2.3,1327,737,44.46,590,"Lalor","Alamanda (Lalor)","65877"
65.58,3.25,2443,1602,34.42,841,"Lalor","Bellbridge","4241"
66.67,-11.11,15,10,33.33,5,"Lalor","BLV Lalor PPVC","65507"
59.73,-1.36,149,89,40.27,60,"Lalor","Boardwalk (Lalor)","92483"
56.94,0.23,216,123,43.06,93,"Lalor","Boardwalk Central (Lalor)","92485"
61.91,3.62,1662,1029,38.09,633,"Lalor","Cambridge","31055"
67.24,3.65,1215,817,32.76,398,"Lalor","Davis Creek","82873"
54.91,5.16,1404,771,45.09,633,"Lalor","Derrimut Heath","31056"
58.17,0.32,349,203,41.83,146,"Lalor","Divisional Office (PREPOLL)","30213"
57.41,-3.39,1127,647,42.59,480,"Lalor","Featherbrook (Lalor)","82883"
69.28,-2.14,586,406,30.72,180,"Lalor","Galvin Park","4260"
71.24,2.28,1276,909,28.76,367,"Lalor","Glenorden","8894"
61.17,1.43,17887,10941,38.83,6946,"Lalor","Hoppers Crossing LALOR PPVC","65525"
60.32,-4.23,431,260,39.68,171,"Lalor","Innisfail (Lalor)","92487"
69.25,1.03,1857,1286,30.75,571,"Lalor","Iramoo","4262"
55.97,-0.9,352,197,44.03,155,"Lalor","Little River","4249"
71.54,-1.31,2031,1453,28.46,578,"Lalor","Manor Lakes","47816"
66.63,1.56,1654,1102,33.37,552,"Lalor","Manorvale","8895"
65.34,2.65,1411,922,34.66,489,"Lalor","Mossfiel","4253"
64.71,-13.66,323,209,35.29,114,"Lalor","Point Cook (Lalor)","92484"
61.7,-8.94,94,58,38.3,36,"Lalor","Sanctuary Lakes (Lalor)","92489"
66.27,1.83,1826,1210,33.73,616,"Lalor","Tarneit","47823"
70.07,-1.92,1637,1147,29.93,490,"Lalor","Tarneit Central","65866"
70.91,-2.43,1478,1048,29.09,430,"Lalor","Tarneit West","82872"
68.14,2.59,2056,1401,31.86,655,"Lalor","The Grange","31621"
61.13,6.61,1024,626,38.87,398,"Lalor","Thomas Carr","83023"
67.76,4.1,1129,765,32.24,364,"Lalor","Thomas Chirnside","31622"
72.1,-5.08,1724,1243,27.9,481,"Lalor","Truganina","65871"
68.11,-4.22,1543,1051,31.89,492,"Lalor","Truganina South (Lalor)","64640"
67.72,-12.21,474,321,32.28,153,"Lalor","Werribee","4258"
60.28,1.41,1717,1035,39.72,682,"Lalor","Werribee Central","4259"
56.03,3.53,1235,692,43.97,543,"Lalor","Werribee East","83864"
58.08,2.29,17060,9908,41.92,7152,"Lalor","Werribee PPVC","31959"
38.69,6.4,628,243,61.31,385,"Lalor","Werribee South","4261"
67.31,2.09,2264,1524,32.69,740,"Lalor","Westgrove","31623"
64.98,3.89,1362,885,35.02,477,"Lalor","Woodville","4264"
66.67,3.66,639,426,33.33,213,"Lalor","Wyndham Vale","83024"
70.01,2.49,1017,712,29.99,305,"Lalor","Wyndham Vale South","65874"
74.26,-9.89,979,727,25.74,252,"Macnamara","Acland","4682"
56.55,-4.68,932,527,43.45,405,"Macnamara","Albert Park","82955"
72.05,-9.37,1009,727,27.95,282,"Macnamara","Argyle","4656"
73.14,-7.87,1467,1073,26.86,394,"Macnamara","Blessington","4685"
71.43,-13.54,14,10,28.57,4,"Macnamara","BLV Macnamara PPVC","65427"
59.18,-13.41,2053,1215,40.82,838,"Macnamara","Bridport","4657"
41.07,3.83,504,207,58.93,297,"Macnamara","Caulfield","3924"
54.38,-6.43,1175,639,45.62,536,"Macnamara","Caulfield East","3926"
45.64,-0.94,1788,816,54.36,972,"Macnamara","Caulfield North","3928"
56.5,-4.25,1384,782,43.5,602,"Macnamara","Caulfield Upper","3929"
0.0,0.0,0,0,0.0,0,"Macnamara","Divisional Office (PREPOLL)","30221"
57.57,-5.6,1341,772,42.43,569,"Macnamara","Elsternwick (Macnamara)","3863"
54.63,-5.05,637,348,45.37,289,"Macnamara","Elsternwick North (Macnamara)","64358"
61.89,-8.83,1682,1041,38.11,641,"Macnamara","Elwood","4661"
67.02,-9.41,1028,689,32.98,339,"Macnamara","Elwood Central","97439"
72.55,-11.46,1767,1282,27.45,485,"Macnamara","Elwood North","4662"
59.17,-8.95,1729,1023,40.83,706,"Macnamara","Emerald Hill","4663"
58.08,-12.21,1126,654,41.92,472,"Macnamara","Fawkner Park (Macnamara)","4655"
55.53,-13.18,1556,864,44.47,692,"Macnamara","Graham","4665"
55.45,-9.93,1928,1069,44.55,859,"Macnamara","Kerferd","4669"
43.68,-4.86,6845,2990,56.32,3855,"Macnamara","Malvern MACNAMARA PPVC","65659"
66.8,-15.57,250,167,33.2,83,"Macnamara","Melbourne (Macnamara)","32038"
53.46,-5.05,4968,2656,46.54,2312,"Macnamara","Melbourne Central MACNAMARA PPVC","97506"
58.01,-9.6,2958,1716,41.99,1242,"Macnamara","Melbourne MACNAMARA PPVC","58641"
51.52,-4.71,1155,595,48.48,560,"Macnamara","Middle Park","4670"
59.35,-12.03,1466,870,40.65,596,"Macnamara","Port Melbourne","4672"
48.84,-3.32,1425,696,51.16,729,"Macnamara","Port Melbourne Beach","83608"
63.02,-6.63,338,213,36.98,125,"Macnamara","Prahran (Macnamara)","92602"
62.68,-5.69,552,346,37.32,206,"Macnamara","Prahran East (Macnamara)","92603"
67.51,-10.09,1502,1014,32.49,488,"Macnamara","Ripponlea East","3879"
72.32,-4.56,1015,734,27.68,281,"Macnamara","Ripponlea North","3880"
78.33,-10.89,2123,1663,21.67,460,"Macnamara","St Kilda","4681"
57.93,-3.5,6855,3971,42.07,2884,"Macnamara","St Kilda MACNAMARA PPVC","11763"
73.75,-6.78,1775,1309,26.25,466,"Macnamara","St Kilda North","4683"
73.33,-9.43,1897,1391,26.67,506,"Macnamara","St Kilda Park","4684"
59.14,-1.34,1133,670,40.86,463,"Macnamara","Sandridge","4686"
61.48,-10.21,2087,1283,38.52,804,"Macnamara","Southbank","36435"
62.18,-10.03,1655,1029,37.82,626,"Macnamara","South Melbourne","4687"
56.57,-6.61,3058,1730,43.43,1328,"Macnamara","South Yarra MACNAMARA PPVC","97465"
70.57,-5.58,1298,916,29.43,382,"Macnamara","Windsor (Macnamara)","4689"
54.91,-1.84,1743,957,45.09,786,"Maribyrnong","Aberfeldie","4580"
58.15,1.93,2535,1474,41.85,1061,"Maribyrnong","Airport West","4600"
83.92,-20.65,715,600,16.08,115,"Maribyrnong","Ascot Vale (Maribyrnong)","82956"
65.75,5.3,1676,1102,34.25,574,"Maribyrnong","Ascot Vale Central","4612"
75.49,-8.28,1546,1167,24.51,379,"Maribyrnong","Ascot Vale East","4613"
68.98,-8.77,1299,896,31.02,403,"Maribyrnong","Ascot Vale West","4614"
67.25,-2.37,1380,928,32.75,452,"Maribyrnong","Avondale Heights","3348"
58.39,2.05,1865,1089,41.61,776,"Maribyrnong","Avondale Heights Central","12080"
64.22,-2.06,531,341,35.78,190,"Maribyrnong","Avondale Heights West","83781"
47.06,13.81,17,8,52.94,9,"Maribyrnong","BLV Maribyrnong PPVC","65566"
48.58,1.31,1581,768,51.42,813,"Maribyrnong","Buckley Park","4582"
54.5,-0.52,912,497,45.5,415,"Maribyrnong","Divisional Office (PREPOLL)","30216"
49.82,-1.58,1355,675,50.18,680,"Maribyrnong","Essendon","33305"
52.08,3.52,20571,10714,47.92,9857,"Maribyrnong","Essendon MARIBYRNONG PPVC","33128"
57.3,-4.48,1281,734,42.7,547,"Maribyrnong","Essendon North","4585"
60.16,-2.62,1132,681,39.84,451,"Maribyrnong","Essendon South","4586"
49.47,-0.21,1328,657,50.53,671,"Maribyrnong","Essendon West","4587"
85.35,-9.46,2130,1818,14.65,312,"Maribyrnong","Flemington (Maribyrnong)","4634"
82.89,-5.71,567,470,17.11,97,"Maribyrnong","Footscray (Maribyrnong)","92866"
70.27,-3.36,8600,6043,29.73,2557,"Maribyrnong","Footscray MARIBYRNONG PPVC","83764"
77.3,-2.81,1194,923,22.7,271,"Maribyrnong","Footscray North","33261"
80.31,-6.31,1356,1089,19.69,267,"Maribyrnong","Footscray West","3686"
60.95,-2.43,1790,1091,39.05,699,"Maribyrnong","Glenbervie","4590"
55.19,-2.22,1060,585,44.81,475,"Maribyrnong","Gowanbrae","38411"
59.7,3.6,1546,923,40.3,623,"Maribyrnong","Keilor East","3358"
59.44,0.23,1965,1168,40.56,797,"Maribyrnong","Keilor Heights","4592"
53.58,0.19,1549,830,46.42,719,"Maribyrnong","Keilor South","4594"
76.34,-6.1,355,271,23.66,84,"Maribyrnong","Kensington (Maribyrnong)","92927"
73.76,-6.34,1677,1237,26.24,440,"Maribyrnong","Maidstone","64267"
66.71,-5.18,1697,1132,33.29,565,"Maribyrnong","Maribyrnong","3692"
84.38,-23.1,96,81,15.63,15,"Maribyrnong","Melbourne (Maribyrnong)","32041"
58.86,4.66,615,362,41.14,253,"Maribyrnong","Melbourne Central MARIBYRNONG PPVC","97514"
68.63,-5.11,1651,1133,31.37,518,"Maribyrnong","Melbourne MARIBYRNONG PPVC","83918"
54.87,-6.31,1243,682,45.13,561,"Maribyrnong","Moonee Ponds Central","4597"
72.45,-5.66,2417,1751,27.55,666,"Maribyrnong","Moonee Ponds West","4599"
54.62,-4.3,1624,887,45.38,737,"Maribyrnong","Niddrie Central","4601"
52.47,-5.95,1639,860,47.53,779,"Maribyrnong","Strathmore","4603"
56.53,0.4,1056,597,43.47,459,"Maribyrnong","Strathmore North (Maribyrnong)","4604"
65.5,8.95,655,429,34.5,226,"Maribyrnong","Sunshine MARIBYRNONG PPVC","92914"
78.75,-6.96,160,126,21.25,34,"Maribyrnong","Tottenham North (Maribyrnong)","92913"
28.57,38.39,7,2,71.43,5,"McEwen","Aitken Creek (McEwen)","92672"
42.88,-9.26,513,220,57.12,293,"McEwen","Arthurs Creek","4309"
58.9,2.9,528,311,41.1,217,"McEwen","Beveridge","4312"
40.34,3.57,352,142,59.66,210,"McEwen","Bolinda","3260"
53.57,5.22,112,60,46.43,52,"McEwen","Broadford (McEwen)","92656"
45.91,4.24,318,146,54.09,172,"McEwen","Bullengarook","3263"
54.73,2.85,243,133,45.27,110,"McEwen","Clonbinane","11891"
60.2,9.54,603,363,39.8,240,"McEwen","Craigieburn MCEWEN PPVC","65865"
47.09,-2.54,223,105,52.91,118,"McEwen","Darraweit Guim","4317"
43.4,-7.84,106,46,56.6,60,"McEwen","Donnybrook","4334"
54.4,0.17,1114,606,45.6,508,"McEwen","Doreen","4318"
62.54,1.75,1132,708,37.46,424,"McEwen","Doreen Central","65896"
55.32,1.79,611,338,44.68,273,"McEwen","Doreen East","82920"
52.7,-1.99,2053,1082,47.3,971,"McEwen","Gisborne","3284"
52.82,-2.29,1098,580,47.18,518,"McEwen","Gisborne South","47803"
63.65,-5.86,1659,1056,36.35,603,"McEwen","Hurstbridge","3385"
58.03,-2.19,467,271,41.97,196,"McEwen","Jacksons Hill","83249"
68.0,-7.04,250,170,32.0,80,"McEwen","Kangaroo Ground (McEwen)","64156"
60.47,0.63,1184,716,39.53,468,"McEwen","Killara","33101"
52.12,2.78,1460,761,47.88,699,"McEwen","Kilmore","4335"
57.69,-1.92,787,454,42.31,333,"McEwen","Kilmore Central","82921"
49.5,0.91,1111,550,50.5,561,"McEwen","Lancefield","3299"
56.15,-0.19,2180,1224,43.85,956,"McEwen","Laurimar","47802"
52.73,3.85,586,309,47.27,277,"McEwen","Laurimar Central","83314"
60.4,-11.39,856,517,39.6,339,"McEwen","Macedon","3302"
67.19,0.51,1774,1192,32.81,582,"McEwen","Mernda (McEwen)","4340"
73.71,-6.56,582,429,26.29,153,"McEwen","Mernda Central (McEwen)","92669"
67.35,-3.53,49,33,32.65,16,"McEwen","Mernda Park (McEwen)","92670"
63.87,2.06,869,555,36.13,314,"McEwen","Mernda South (McEwen)","83324"
55.52,1.21,697,387,44.48,310,"McEwen","Mill Park MCEWEN PPVC","97522"
52.28,-9.62,570,298,47.72,272,"McEwen","Mount Macedon","3313"
78.57,-9.03,14,11,21.43,3,"McEwen","Mount Ridley North (McEwen)","92671"
50.99,-3.43,1167,595,49.01,572,"McEwen","New Gisborne","3317"
51.89,-4.59,715,371,48.11,344,"McEwen","Panton Hill","3395"
57.35,-2.27,1599,917,42.65,682,"McEwen","Riddell","3322"
55.89,-4.75,1900,1062,44.11,838,"McEwen","Romsey","3323"
65.12,-1.9,691,450,34.88,241,"McEwen","St Andrews","3403"
56.33,-1.57,1241,699,43.67,542,"McEwen","Sunbury","3327"
50.29,7.65,9636,4846,49.71,4790,"McEwen","Sunbury Central PPVC","82784"
59.81,1.27,1458,872,40.19,586,"McEwen","Sunbury East","11515"
62.15,1.46,1366,849,37.85,517,"McEwen","Sunbury Heights","11516"
61.53,-3.93,1006,619,38.47,387,"McEwen","Sunbury North","3329"
60.21,-3.6,1973,1188,39.79,785,"McEwen","Sunbury West","3330"
53.2,-2.02,7953,4231,46.8,3722,"McEwen","Sunbury West PPVC","58636"
56.44,8.78,388,219,43.56,169,"McEwen","Wallan Central","4370"
54.72,1.36,7115,3893,45.28,3222,"McEwen","Wallan PPVC","83416"
63.12,-2.79,1082,683,36.88,399,"McEwen","Wallan South","65451"
63.53,-0.82,1179,749,36.47,430,"McEwen","Wallan Wallan","4371"
53.97,1.81,882,476,46.03,406,"McEwen","Wandong","4372"
48.82,2.9,1858,907,51.18,951,"McEwen","Whittlesea","4374"
54.15,-3.25,530,287,45.85,243,"McEwen","Whittlesea Central","83308"
48.28,9.76,87,42,51.72,45,"McEwen","Wollert","4375"
48.0,0.08,200,96,52.0,104,"McEwen","Yan Yean","4377"
42.12,1.46,907,382,57.88,525,"McEwen","Yarrambat","3411"
76.53,-2.65,929,711,23.47,218,"Melbourne","Abbotsford","4610"
68.11,1.82,944,643,31.89,301,"Melbourne","Abbotsford South","82957"
73.68,-9.54,19,14,26.32,5,"Melbourne","Ascot Vale (Melbourne)","93180"
52.38,19.84,21,11,47.62,10,"Melbourne","BLV Melbourne PPVC","65426"
73.88,3.76,245,181,26.12,64,"Melbourne","Brunswick East (Melbourne)","93181"
74.48,-4.36,478,356,25.52,122,"Melbourne","Brunswick South East (Melbourne)","64351"
61.1,-1.18,1216,743,38.9,473,"Melbourne","Burnley","4678"
71.96,6.18,560,403,28.04,157,"Melbourne","Carlton","4621"
77.68,-0.88,2007,1559,22.32,448,"Melbourne","Carlton Central","4622"
74.47,-3.36,1598,1190,25.53,408,"Melbourne","Carlton South","4624"
63.63,-5.63,1339,852,36.37,487,"Melbourne","Citizens Park","83674"
78.82,-1.36,1204,949,21.18,255,"Melbourne","Collingwood","4626"
76.21,-2.75,1139,868,23.79,271,"Melbourne","Collingwood North (Melbourne)","64353"
59.43,-1.51,1915,1138,40.57,777,"Melbourne","Cremorne","4679"
74.44,2.78,1080,804,25.56,276,"Melbourne","Delbridge","4628"
0.0,0.0,0,0,0.0,0,"Melbourne","Divisional Office (PREPOLL)","30219"
52.19,0.03,1623,847,47.81,776,"Melbourne","Docklands","47808"
55.66,-1.79,1511,841,44.34,670,"Melbourne","East Melbourne","4629"
77.81,2.19,1929,1501,22.19,428,"Melbourne","Fitzroy","4631"
81.2,-2.38,1521,1235,18.8,286,"Melbourne","Fitzroy East","33053"
79.02,-1.03,2245,1774,20.98,471,"Melbourne","Fitzroy North","4633"
80.51,-3.35,118,95,19.49,23,"Melbourne","Flemington (Melbourne)","93179"
75.78,1.59,1404,1064,24.22,340,"Melbourne","Hotham Hill","4635"
73.52,-1.67,2115,1555,26.48,560,"Melbourne","Kensington (Melbourne)","4636"
72.88,-1.37,1368,997,27.12,371,"Melbourne","Kensington Central","64658"
60.71,1.13,1980,1202,39.29,778,"Melbourne","Melbourne (Melbourne)","4637"
65.94,-6.17,11442,7545,34.06,3897,"Melbourne","Melbourne MELBOURNE PPVC","14318"
77.85,3.85,1174,914,22.15,260,"Melbourne","Merri (Melbourne)","4638"
73.43,0.03,1532,1125,26.57,407,"Melbourne","Northcote MELBOURNE PPVC","64641"
70.52,-2.38,1340,945,29.48,395,"Melbourne","North Melbourne","4640"
72.74,-0.43,2098,1526,27.26,572,"Melbourne","North Melbourne Central","4641"
70.71,2.58,1260,891,29.29,369,"Melbourne","Parkville","4642"
71.63,-1.15,1678,1202,28.37,476,"Melbourne","Princes Hill","4630"
61.71,-3.4,2178,1344,38.29,834,"Melbourne","Richmond","4677"
61.83,-2.08,1915,1184,38.17,731,"Melbourne","Richmond Central","4643"
64.75,8.52,244,158,35.25,86,"Melbourne","Richmond North","4644"
64.35,17.82,9897,6369,35.65,3528,"Melbourne","Richmond PPVC","97466"
65.9,6.99,393,259,34.1,134,"Melbourne","Richmond West","11893"
60.59,39.41,1058,641,39.41,417,"Melbourne","South Yarra MELBOURNE PPVC","97463"
91.67,-19.17,12,11,8.33,1,"Melbourne","Special Hospital Team 3","4652"
76.54,-9.87,81,62,23.46,19,"Melbourne","Special Hospital Team 5","31964"
57.89,14.84,19,11,42.11,8,"Melbourne","Special Hospital Team 6","31965"
46.15,30.04,26,12,53.85,14,"Melbourne","Special Hospital Team 7","31966"
46.4,-1.2,1459,677,53.6,782,"Menzies","Beverley Hills","4692"
38.46,-38.46,13,5,61.54,8,"Menzies","BLV Menzies PPVC","65422"
45.49,2.81,1840,837,54.51,1003,"Menzies","Bulleen","4694"
40.0,-1.4,40,16,60.0,24,"Menzies","Croydon Hills (Menzies)","3377"
0.0,-63.85,0,0,0.0,0,"Menzies","Divisional Office (PREPOLL)","30220"
45.28,-3.04,901,408,54.72,493,"Menzies","Donburn","4696"
48.39,-4.59,839,406,51.61,433,"Menzies","Doncaster","4697"
47.21,-3.73,1864,880,52.79,984,"Menzies","Doncaster Central","4698"
44.25,1.28,1826,808,55.75,1018,"Menzies","Doncaster East","4699"
36.01,0.64,15528,5591,63.99,9937,"Menzies","Doncaster East PPVC","32953"
44.8,0.35,1049,470,55.2,579,"Menzies","Doncaster Gardens","4715"
41.21,1.35,1194,492,58.79,702,"Menzies","Doncaster Heights","4700"
47.03,-2.42,961,452,52.97,509,"Menzies","Doncaster South","4702"
45.9,-1.44,658,302,54.1,356,"Menzies","Doncaster West","4703"
34.14,-3.11,823,281,65.86,542,"Menzies","Donvale","3383"
58.26,-5.18,2530,1474,41.74,1056,"Menzies","Eltham (Menzies)","4704"
59.69,-6.23,2357,1407,40.31,950,"Menzies","Eltham East","4705"
59.48,-2.16,1081,643,40.52,438,"Menzies","Eltham North (Menzies)","4706"
53.21,-8.05,156,83,46.79,73,"Menzies","Glendale (Menzies)","93236"
50.71,-1.34,4088,2073,49.29,2015,"Menzies","Greensborough MENZIES PPVC","93237"
38.22,0.25,832,318,61.78,514,"Menzies","Gumnut Gully","11875"
39.76,1.13,2246,893,60.24,1353,"Menzies","Heidelberg MENZIES PPVC","65654"
44.79,-4.64,96,43,55.21,53,"Menzies","Kalinda (Menzies)","64394"
41.61,-7.01,584,243,58.39,341,"Menzies","Kangaroo Ground (Menzies)","3387"
46.65,1.02,1389,648,53.35,741,"Menzies","Lower Templestowe","4708"
40.93,0.68,1136,465,59.07,671,"Menzies","Manningham","32894"
42.49,-6.07,1358,577,57.51,781,"Menzies","Milgate","4709"
43.46,-2.04,428,186,56.54,242,"Menzies","Mitcham North (Menzies)","65221"
58.72,-3.57,109,64,41.28,45,"Menzies","Montmorency South (Menzies)","93229"
36.03,-2.67,1424,513,63.97,911,"Menzies","Park Orchards","3396"
49.79,-2.3,2107,1049,50.21,1058,"Menzies","Research","31788"
35.69,-0.19,2746,980,64.31,1766,"Menzies","Ringwood MENZIES PPVC","58638"
36.65,0.55,322,118,63.35,204,"Menzies","Ringwood North (Menzies)","3401"
44.34,5.14,442,196,55.66,246,"Menzies","St Helena (Menzies)","93231"
36.74,0.58,2036,748,63.26,1288,"Menzies","Serpell","4710"
41.56,0.21,1227,510,58.44,717,"Menzies","Templestowe","4711"
46.07,1.24,2698,1243,53.93,1455,"Menzies","Templestowe Heights","4712"
35.6,-0.06,1719,612,64.4,1107,"Menzies","Templestowe Park","4713"
46.0,-1.46,1237,569,54.0,668,"Menzies","Templestowe Valley","4714"
40.42,6.41,240,97,59.58,143,"Menzies","Templestowe West","83724"
40.09,1.04,1267,508,59.91,759,"Menzies","The Pines","11876"
45.86,0.65,1245,571,54.14,674,"Menzies","Tunstall","3404"
52.26,-5.97,1791,936,47.74,855,"Menzies","Warrandyte","3405"
61.27,-4.85,976,598,38.73,378,"Menzies","Warrandyte North","3406"
42.88,-1.97,1952,837,57.12,1115,"Menzies","Warranwood (Menzies)","31844"
32.41,-0.83,1154,374,67.59,780,"Menzies","Wonga Park","3409"
42.65,1.35,1763,752,57.35,1011,"Menzies","Yarraleen","4716"
33.91,2.06,233,79,66.09,154,"Menzies","Yarra Road (Menzies)","93241"
23.76,0.7,202,48,76.24,154,"Monash","Arawata","3716"
47.09,-1.68,327,154,52.91,173,"Monash","Bass","3614"
31.7,-2.54,593,188,68.3,405,"Monash","Bayles","3616"
32.42,-2.73,330,107,67.58,223,"Monash","Bena","3722"
36.35,-4.96,1282,466,63.65,816,"Monash","Bunyip","4385"
51.63,-0.76,736,380,48.37,356,"Monash","Corinella","3622"
57.95,-4.46,1163,674,42.05,489,"Monash","Cowes","3623"
49.67,-4.36,4331,2151,50.33,2180,"Monash","Cowes PPVC","46625"
46.34,-8.33,628,291,53.66,337,"Monash","Cranbourne MONASH PPVC","93025"
44.15,-1.05,2378,1050,55.85,1328,"Monash","Drouin","4391"
42.21,0.47,398,168,57.79,230,"Monash","Drouin Central","83698"
26.27,-2.04,453,119,73.73,334,"Monash","Drouin South","3750"
46.78,-3.76,823,385,53.22,438,"Monash","Drouin Summerhill","64676"
36.0,-2.67,400,144,64.0,256,"Monash","Drouin West","4392"
31.28,2.9,780,244,68.72,536,"Monash","Garfield","4395"
48.71,-1.91,739,360,51.29,379,"Monash","Grantville","3634"
34.65,-4.08,127,44,65.35,83,"Monash","Kernot","32326"
43.47,-5.15,1302,566,56.53,736,"Monash","Kooweerup","3637"
41.19,1.43,1918,790,58.81,1128,"Monash","Korumburra","3777"
29.92,-1.09,254,76,70.08,178,"Monash","Labertouche","4400"
40.88,-6.79,910,372,59.12,538,"Monash","Lang Lang","3639"
38.35,1.08,352,135,61.65,217,"Monash","Loch","3641"
39.98,0.45,908,363,60.02,545,"Monash","Longwarry","4403"
37.05,-3.83,332,123,62.95,209,"Monash","Maryknoll","4890"
37.94,3.75,651,247,62.06,404,"Monash","Nyora","3648"
32.02,12.81,1930,618,67.98,1312,"Monash","Pakenham MONASH PPVC","93057"
39.11,-1.09,514,201,60.89,313,"Monash","Poowong","3650"
44.44,-0.46,351,156,55.56,195,"Monash","Rhyll","3654"
34.35,-4.16,425,146,65.65,279,"Monash","Tynong","4433"
54.28,0.79,1704,925,45.72,779,"Nicholls","Broadford (Nicholls)","4315"
63.49,0.95,1901,1207,36.51,694,"Scullin","Blossom Park","33109"
66.67,-16.67,9,6,33.33,3,"Scullin","BLV Scullin PPVC","65461"
51.16,48.84,346,177,48.84,169,"Scullin","Divisional Office (PREPOLL)","30223"
74.53,-0.05,1280,954,25.47,326,"Scullin","Epping","4321"
74.24,-0.17,1832,1360,25.76,472,"Scullin","Epping East","4322"
76.05,1.64,1411,1073,23.95,338,"Scullin","Epping North","66012"
76.9,2.84,1398,1075,23.1,323,"Scullin","Epping South","11649"
79.85,-3.15,1940,1549,20.15,391,"Scullin","Epping Views","47750"
76.84,-1.05,1140,876,23.16,264,"Scullin","Epping West","83631"
73.68,-1.49,2033,1498,26.32,535,"Scullin","Findon","8899"
66.35,-7.89,1275,846,33.65,429,"Scullin","Greensborough SCULLIN PPVC","97520"
65.98,-5.39,241,159,34.02,82,"Scullin","Grimshaw (Scullin)","93348"
77.5,1.38,1480,1147,22.5,333,"Scullin","Lalor","4855"
79.37,1.34,1658,1316,20.63,342,"Scullin","Lalor East","4856"
82.77,-1.17,894,740,17.23,154,"Scullin","Lalor North","4857"
79.51,1.66,1215,966,20.49,249,"Scullin","Lalor Park","4858"
82.29,-2.07,1468,1208,17.71,260,"Scullin","Lalor South","83689"
79.32,-0.64,1431,1135,20.68,296,"Scullin","Lalor West","4859"
73.8,0.6,1145,845,26.2,300,"Scullin","Meadowglen","31767"
63.33,4.39,150,95,36.67,55,"Scullin","Mernda (Scullin)","93305"
72.38,-5.3,1021,739,27.62,282,"Scullin","Mernda Central (Scullin)","82922"
67.25,-3.3,458,308,32.75,150,"Scullin","Mernda Park (Scullin)","82923"
64.23,1.76,137,88,35.77,49,"Scullin","Mernda South (Scullin)","93340"
71.03,-0.33,1170,831,28.97,339,"Scullin","Mill Park","4345"
71.14,1.18,1982,1410,28.86,572,"Scullin","Mill Park Heights","11890"
69.14,-1.63,2550,1763,30.86,787,"Scullin","Mill Park Lakes","34245"
72.51,-6.7,924,670,27.49,254,"Scullin","Mill Park Lakes East","65491"
72.0,-9.51,10603,7634,28.0,2969,"Scullin","Mill Park SCULLIN PPVC","65680"
66.67,2.11,369,246,33.33,123,"Scullin","Mill Park West","83686"
70.18,-4.92,1992,1398,29.82,594,"Scullin","Norris Bank (Scullin)","4861"
67.26,-3.26,1692,1138,32.74,554,"Scullin","South Morang","4349"
67.04,-3.71,15684,10515,32.96,5169,"Scullin","South Morang SCULLIN PPVC","46761"
69.35,-2.59,1817,1260,30.65,557,"Scullin","The Stables","4365"
81.74,-1.62,772,631,18.26,141,"Scullin","Thomastown","4862"
79.07,0.21,1094,865,20.93,229,"Scullin","Thomastown East","4863"
75.96,3.53,674,512,24.04,162,"Scullin","Thomastown Heights","31768"
83.15,2.71,1353,1125,16.85,228,"Scullin","Thomastown Meadows","4864"
80.72,3.89,1914,1545,19.28,369,"Scullin","Thomastown West","4865"
77.13,-2.1,647,499,22.87,148,"Scullin","Wollert South","83636"
87.96,-5.77,2500,2199,12.04,301,"Wills","Anstey","5086"
91.3,-7.97,23,21,8.7,2,"Wills","BLV Wills PPVC","65462"
83.18,-5.45,1326,1103,16.82,223,"Wills","Brunswick East (Wills)","4616"
85.58,-5.88,2933,2510,14.42,423,"Wills","Brunswick North","5088"
88.32,-2.92,2320,2049,11.68,271,"Wills","Brunswick North East","5089"
83.9,-3.95,1335,1120,16.1,215,"Wills","Brunswick North West","5090"
86.47,-4.69,1397,1208,13.53,189,"Wills","Brunswick South","4617"
87.17,-52.03,1543,1345,12.83,198,"Wills","Brunswick South East (Wills)","4618"
83.92,-4.77,1897,1592,16.08,305,"Wills","Brunswick South West","4619"
83.73,-4.64,1992,1668,16.27,324,"Wills","Coburg","5091"
79.62,-2.82,1310,1043,20.38,267,"Wills","Coburg East","5092"
77.59,-2.15,2088,1620,22.41,468,"Wills","Coburg North","5093"
77.87,-2.62,827,644,22.13,183,"Wills","Coburg South","5094"
77.84,-2.81,2532,1971,22.16,561,"Wills","Coburg West","5096"
69.23,30.77,13,9,30.77,4,"Wills","Divisional Office (PREPOLL)","30225"
68.73,-1.54,4416,3035,31.27,1381,"Wills","Essendon WILLS PPVC","58752"
76.72,-1.6,1508,1157,23.28,351,"Wills","Fawkner East","4846"
77.69,-0.14,1735,1348,22.31,387,"Wills","Fawkner North","4847"
71.26,-0.73,1218,868,28.74,350,"Wills","Gaffney","83805"
76.91,-2.67,1399,1076,23.09,323,"Wills","Glenroy","4848"
74.89,-2.48,689,516,25.11,173,"Wills","Glenroy North","4851"
70.44,-0.2,1546,1089,29.56,457,"Wills","Glenroy West","4591"
69.31,-4.17,10622,7362,30.69,3260,"Wills","Glenroy WILLS PPVC","34056"
72.82,0.74,1413,1029,27.18,384,"Wills","Gowrie Park","4852"
74.15,-5.46,1745,1294,25.85,451,"Wills","Hadfield","4853"
84.37,-11.67,467,394,15.63,73,"Wills","Lake Park (Wills)","5101"
78.57,-6.46,98,77,21.43,21,"Wills","Melbourne (Wills)","32909"
76.15,9.43,671,511,23.85,160,"Wills","Melbourne Central WILLS PPVC","97515"
82.7,-14.64,2676,2213,17.3,463,"Wills","Melbourne WILLS PPVC","83927"
77.45,-7.67,1317,1020,22.55,297,"Wills","Melville","5102"
74.57,-3.59,924,689,25.43,235,"Wills","Merlynston","5103"
87.72,-5.85,114,100,12.28,14,"Wills","Merri (Wills)","93494"
82.88,-5.96,1928,1598,17.12,330,"Wills","Mitchell","5104"
72.5,-1.84,1080,783,27.5,297,"Wills","Moomba Park","4860"
84.26,-3.87,2033,1713,15.74,320,"Wills","Moreland","5105"
75.68,-0.27,259,196,24.32,63,"Wills","Murray (Wills)","5106"
81.09,-1.35,2914,2363,18.91,551,"Wills","Northcote WILLS PPVC","64642"
63.9,-3.96,1662,1062,36.1,600,"Wills","Oak Park","5108"
68.03,-3.66,979,666,31.97,313,"Wills","Pascoe Vale","5109"
69.39,-7.64,771,535,30.61,236,"Wills","Pascoe Vale Central","5110"
72.4,-4.98,2025,1466,27.6,559,"Wills","Pascoe Vale North","5111"
65.27,-6.93,1978,1291,34.73,687,"Wills","Pascoe Vale South","5112"
69.13,-3.91,690,477,30.87,213,"Wills","Pascoe Vale West","5113"
72.89,-15.85,284,207,27.11,77,"Wills","Strathmore North (Wills)","93493"
81.65,-5.57,2093,1709,18.35,384,"Wills","Thornbury WILLS PPVC","82772"
